-- phpMyAdmin SQL Dump
-- version 5.0.1
-- https://www.phpmyadmin.net/
--
-- Host: 127.0.0.1
-- Generation Time: Mar 31, 2020 at 04:09 PM
-- Server version: 10.4.11-MariaDB
-- PHP Version: 7.4.3

SET SQL_MODE = "NO_AUTO_VALUE_ON_ZERO";
SET AUTOCOMMIT = 0;
START TRANSACTION;
SET time_zone = "+00:00";


/*!40101 SET @OLD_CHARACTER_SET_CLIENT=@@CHARACTER_SET_CLIENT */;
/*!40101 SET @OLD_CHARACTER_SET_RESULTS=@@CHARACTER_SET_RESULTS */;
/*!40101 SET @OLD_COLLATION_CONNECTION=@@COLLATION_CONNECTION */;
/*!40101 SET NAMES utf8mb4 */;

--
-- Database: `advisemate`
--

-- --------------------------------------------------------

--
-- Table structure for table `admin`
--

CREATE TABLE `admin` (
  `fname` varchar(11) NOT NULL,
  `user_id` int(11) NOT NULL,
  `mname` varchar(55) NOT NULL,
  `lname` varchar(55) NOT NULL,
  `password` varchar(55) NOT NULL,
  `advisory_year` int(11) NOT NULL
) ENGINE=InnoDB DEFAULT CHARSET=latin1;

--
-- Dumping data for table `admin`
--

INSERT INTO `admin` (`fname`, `user_id`, `mname`, `lname`, `password`, `advisory_year`) VALUES
('Juan', 123456, 'Dela', 'Salazar', 'admin', 2);

-- --------------------------------------------------------

--
-- Table structure for table `advisers`
--

CREATE TABLE `advisers` (
  `ad_id` int(11) NOT NULL,
  `ad_fname` varchar(55) NOT NULL,
  `ad_mname` varchar(55) NOT NULL,
  `ad_lname` varchar(55) NOT NULL,
  `ad_sex` varchar(7) NOT NULL,
  `ad_address` varchar(100) NOT NULL,
  `ad_bday` date NOT NULL,
  `ad_yrlvl` int(11) NOT NULL,
  `ad_pword` varchar(50) NOT NULL,
  `ad_uname` varchar(55) NOT NULL,
  `ad_college` int(11) NOT NULL,
  `ad_course` int(11) NOT NULL
) ENGINE=InnoDB DEFAULT CHARSET=latin1;

--
-- Dumping data for table `advisers`
--

INSERT INTO `advisers` (`ad_id`, `ad_fname`, `ad_mname`, `ad_lname`, `ad_sex`, `ad_address`, `ad_bday`, `ad_yrlvl`, `ad_pword`, `ad_uname`, `ad_college`, `ad_course`) VALUES
(1300001, 'Jenny Mae', 'T.', 'Cinco', 'Female', 'Tacloban City', '1986-10-23', 1, '1300001', '1300001', 1, 1),
(1300002, 'Dennis', 'S', 'Tibe', 'Male', 'Tacloban City', '1978-05-12', 2, '1300002', '1300002', 1, 1),
(1300003, 'Idda', 'A.', 'Galban', 'Female', 'San Jose, Tacloban City', '1995-07-31', 3, '1300003', '1300003', 1, 1),
(1300004, 'Jeffrey', 'C.', 'Cinco', 'Male', 'Tanuan, Leyte', '1993-01-13', 4, '1300004', '1300004', 1, 1);

-- --------------------------------------------------------

--
-- Table structure for table `chair`
--

CREATE TABLE `chair` (
  `chair_id` int(11) NOT NULL,
  `chair_fname` varchar(55) NOT NULL,
  `chair_mname` varchar(55) NOT NULL,
  `chair_lname` varchar(55) NOT NULL,
  `chair_bday` date NOT NULL,
  `chair_sex` varchar(7) NOT NULL,
  `chair_add` varchar(50) NOT NULL,
  `chair_uname` varchar(50) NOT NULL,
  `chair_pword` varchar(50) NOT NULL,
  `chair_college` int(2) NOT NULL,
  `chair_course` int(2) NOT NULL
) ENGINE=InnoDB DEFAULT CHARSET=latin1;

--
-- Dumping data for table `chair`
--

INSERT INTO `chair` (`chair_id`, `chair_fname`, `chair_mname`, `chair_lname`, `chair_bday`, `chair_sex`, `chair_add`, `chair_uname`, `chair_pword`, `chair_college`, `chair_course`) VALUES
(1000001, 'Rommel', 'L', 'Verecio', '1970-02-04', 'Male', 'San Jose', '1000001', '1000001', 1, 1);

-- --------------------------------------------------------

--
-- Table structure for table `college`
--

CREATE TABLE `college` (
  `college_id` int(11) NOT NULL,
  `college_desc` varchar(100) NOT NULL
) ENGINE=InnoDB DEFAULT CHARSET=latin1;

--
-- Dumping data for table `college`
--

INSERT INTO `college` (`college_id`, `college_desc`) VALUES
(1, 'College of Arts and Sciences'),
(2, 'Bachelor in Secondary Education'),
(3, 'Bachelor in Elementary Education'),
(4, 'College of Management and Entrepreneurship');

-- --------------------------------------------------------

--
-- Table structure for table `course`
--

CREATE TABLE `course` (
  `course_id` int(11) NOT NULL,
  `college` varchar(100) NOT NULL,
  `course_desc` varchar(100) NOT NULL
) ENGINE=InnoDB DEFAULT CHARSET=latin1;

--
-- Dumping data for table `course`
--

INSERT INTO `course` (`course_id`, `college`, `course_desc`) VALUES
(1, '1', 'Bachelor of Science in Information Technology');

-- --------------------------------------------------------

--
-- Table structure for table `curriculum`
--

CREATE TABLE `curriculum` (
  `cu_id` int(11) NOT NULL,
  `cur_year` year(4) NOT NULL,
  `cur_desc` varchar(55) NOT NULL
) ENGINE=InnoDB DEFAULT CHARSET=latin1;

--
-- Dumping data for table `curriculum`
--

INSERT INTO `curriculum` (`cu_id`, `cur_year`, `cur_desc`) VALUES
(1, 2013, '2013-2017'),
(2, 2018, '2018-Present'),
(3, 2020, 'TRY');

-- --------------------------------------------------------

--
-- Table structure for table `grades`
--

CREATE TABLE `grades` (
  `id` int(11) NOT NULL,
  `student_id` int(11) NOT NULL,
  `sub_code` varchar(55) NOT NULL,
  `grade` varchar(55) NOT NULL,
  `grade_status` int(2) NOT NULL,
  `status` varchar(5) NOT NULL
) ENGINE=InnoDB DEFAULT CHARSET=latin1;

--
-- Dumping data for table `grades`
--

INSERT INTO `grades` (`id`, `student_id`, `sub_code`, `grade`, `grade_status`, `status`) VALUES
(702, 1900011, 'GE 101', '2.5', 0, ''),
(703, 1900011, 'GE 105', '', 2, ''),
(704, 1900011, 'NSTP 102', '2.5', 0, ''),
(705, 1900011, 'PE 102', '1.2', 0, ''),
(706, 1900011, 'IT 105', '1.9', 0, ''),
(707, 1900011, 'IT 105 L', '', 2, ''),
(708, 1900011, 'IT 106', '2.6', 0, ''),
(709, 1900011, 'IT 107', '1.4', 0, ''),
(710, 1900011, 'IT 107 L', '1.8', 0, ''),
(711, 1900011, 'IT 108', '', 2, ''),
(712, 1900011, 'IT 108 L', '', 2, ''),
(713, 1900011, 'GE 104', '', 2, ''),
(714, 1900011, 'GE 103', '1.0', 0, ''),
(715, 1900011, 'GE 102', '2.1', 0, ''),
(716, 1900011, 'GE 122', '1.9', 0, ''),
(717, 1900011, 'NSTP 101', '2.1', 0, ''),
(718, 1900011, 'PE 101', '1.8', 0, ''),
(719, 1900011, 'IT 101', '2.1', 0, ''),
(720, 1900011, 'IT 201 L', '', 2, ''),
(721, 1900011, 'IT 102', '2.2', 0, ''),
(722, 1900011, 'IT 103', '1.8', 0, ''),
(723, 1900011, 'IT 103 L', '1.0', 0, ''),
(724, 1900011, 'IT 104', '1.4', 0, ''),
(725, 1900011, 'IT 114', '', 2, ''),
(726, 1900011, 'PE 104', '', 2, ''),
(727, 1900011, 'GE 125', '', 2, ''),
(728, 1900011, 'GE 106', '', 2, ''),
(729, 1900011, 'IT 114 L', '', 2, ''),
(730, 1900011, 'IT 115', '', 2, ''),
(731, 1900011, 'IT 116', '', 2, ''),
(732, 1900011, 'IT 116 L', '', 2, ''),
(733, 1900011, 'IT 117', '', 2, ''),
(734, 1900011, 'IT 117 L', '', 2, ''),
(735, 1900011, 'GE 107', '', 2, ''),
(736, 1900011, 'IT 113 L', '', 2, ''),
(737, 1900011, 'GE 113', '', 2, ''),
(738, 1900011, 'PE 103', '', 2, ''),
(739, 1900011, 'IT 109', '', 2, ''),
(740, 1900011, 'IT 109 L', '', 2, ''),
(741, 1900011, 'IT 110', '', 2, ''),
(742, 1900011, 'IT 111', '', 2, ''),
(743, 1900011, 'IT 111 L', '1.0', 0, ''),
(744, 1900011, 'IT 112', '', 2, ''),
(745, 1900011, 'IT 112 L', '', 2, ''),
(746, 1900011, 'IT 113', '', 2, ''),
(747, 1900011, 'IT 126', '', 2, ''),
(748, 1900011, 'IT 125 L', '', 2, ''),
(749, 1900011, 'IT 125', '', 2, ''),
(750, 1900011, 'IT 124 L', '', 2, ''),
(751, 1900011, 'IT 124', '', 2, ''),
(752, 1900011, 'IT 127', '', 2, ''),
(753, 1900011, 'IT 127 L', '', 2, ''),
(754, 1900011, 'IT 128', '', 2, ''),
(755, 1900011, 'IT 128 L', '', 2, ''),
(756, 1900011, 'IT 129', '', 2, ''),
(757, 1900011, 'IT 129 L', '', 2, ''),
(758, 1900011, 'IT 123 L', '', 2, ''),
(759, 1900011, 'IT 123', '', 2, ''),
(760, 1900011, 'GE 108', '', 2, ''),
(761, 1900011, 'GE 117', '', 2, ''),
(762, 1900011, 'GE 126', '', 2, ''),
(763, 1900011, 'IT 118', '', 2, ''),
(764, 1900011, 'IT 118 L', '', 2, ''),
(765, 1900011, 'IT 119', '', 2, ''),
(766, 1900011, 'IT 119 L', '', 2, ''),
(767, 1900011, 'IT 120', '', 2, ''),
(768, 1900011, 'IT 120 L', '', 2, ''),
(769, 1900011, 'IT 121', '', 2, ''),
(770, 1900011, 'IT 121 L', '', 2, ''),
(771, 1900011, 'IT 122', '', 2, ''),
(772, 1900011, 'IT 122 L', '', 2, ''),
(773, 1900011, 'IT 113 L', '', 2, ''),
(774, 1900011, 'IT 113', '', 2, ''),
(775, 1900011, 'IT 132 L', '', 2, ''),
(776, 1900011, 'IT 132', '', 2, ''),
(777, 1900011, 'IT 131', '', 2, ''),
(778, 1900011, 'IT 130 L', '', 2, ''),
(779, 1900011, 'IT 130', '', 2, ''),
(780, 1900011, 'IT 134', '', 2, ''),
(781, 1900012, 'GE 101', '5.0', 0, ''),
(782, 1900012, 'GE 105', '2.7', 0, ''),
(783, 1900012, 'NSTP 102', '3.0', 0, ''),
(784, 1900012, 'PE 102', '2.2', 0, ''),
(785, 1900012, 'IT 105', '3.0', 0, ''),
(786, 1900012, 'IT 105 L', '2.8', 0, ''),
(787, 1900012, 'IT 106', '2.5', 0, ''),
(788, 1900012, 'IT 107', '2.1', 0, ''),
(789, 1900012, 'IT 107 L', '1.3', 0, ''),
(790, 1900012, 'IT 108', '2.9', 0, ''),
(791, 1900012, 'IT 108 L', '2.8', 0, ''),
(792, 1900012, 'GE 104', '2.3', 0, ''),
(793, 1900012, 'GE 103', '2.2', 0, ''),
(794, 1900012, 'GE 102', '1.1', 0, ''),
(795, 1900012, 'GE 122', '3.0', 0, ''),
(796, 1900012, 'NSTP 101', '2.5', 0, ''),
(797, 1900012, 'PE 101', '2.0', 0, ''),
(798, 1900012, 'IT 101', '1.5', 0, ''),
(799, 1900012, 'IT 201 L', '', 2, ''),
(800, 1900012, 'IT 102', '1.0', 0, ''),
(801, 1900012, 'IT 103', '2.9', 0, ''),
(802, 1900012, 'IT 103 L', '2.2', 0, ''),
(803, 1900012, 'IT 104', '1.8', 0, ''),
(804, 1900012, 'IT 114', '', 2, ''),
(805, 1900012, 'PE 104', '', 2, ''),
(806, 1900012, 'GE 125', '', 2, ''),
(807, 1900012, 'GE 106', '', 2, ''),
(808, 1900012, 'IT 114 L', '', 2, ''),
(809, 1900012, 'IT 115', '', 2, ''),
(810, 1900012, 'IT 116', '', 2, ''),
(811, 1900012, 'IT 116 L', '', 2, ''),
(812, 1900012, 'IT 117', '', 2, ''),
(813, 1900012, 'IT 117 L', '', 2, ''),
(814, 1900012, 'GE 107', '', 2, ''),
(815, 1900012, 'IT 113 L', '', 2, ''),
(816, 1900012, 'GE 113', '', 2, ''),
(817, 1900012, 'PE 103', '', 2, ''),
(818, 1900012, 'IT 109', '', 2, ''),
(819, 1900012, 'IT 109 L', '', 2, ''),
(820, 1900012, 'IT 110', '', 2, ''),
(821, 1900012, 'IT 111', '', 2, ''),
(822, 1900012, 'IT 111 L', '', 2, ''),
(823, 1900012, 'IT 112', '', 2, ''),
(824, 1900012, 'IT 112 L', '', 2, ''),
(825, 1900012, 'IT 113', '', 2, ''),
(826, 1900012, 'IT 126', '', 2, ''),
(827, 1900012, 'IT 125 L', '', 2, ''),
(828, 1900012, 'IT 125', '', 2, ''),
(829, 1900012, 'IT 124 L', '', 2, ''),
(830, 1900012, 'IT 124', '', 2, ''),
(831, 1900012, 'IT 127', '', 2, ''),
(832, 1900012, 'IT 127 L', '', 2, ''),
(833, 1900012, 'IT 128', '', 2, ''),
(834, 1900012, 'IT 128 L', '', 2, ''),
(835, 1900012, 'IT 129', '', 2, ''),
(836, 1900012, 'IT 129 L', '', 2, ''),
(837, 1900012, 'IT 123 L', '', 2, ''),
(838, 1900012, 'IT 123', '', 2, ''),
(839, 1900012, 'GE 108', '', 2, ''),
(840, 1900012, 'GE 117', '', 2, ''),
(841, 1900012, 'GE 126', '', 2, ''),
(842, 1900012, 'IT 118', '', 2, ''),
(843, 1900012, 'IT 118 L', '', 2, ''),
(844, 1900012, 'IT 119', '', 2, ''),
(845, 1900012, 'IT 119 L', '', 2, ''),
(846, 1900012, 'IT 120', '', 2, ''),
(847, 1900012, 'IT 120 L', '', 2, ''),
(848, 1900012, 'IT 121', '', 2, ''),
(849, 1900012, 'IT 121 L', '', 2, ''),
(850, 1900012, 'IT 122', '', 2, ''),
(851, 1900012, 'IT 122 L', '', 2, ''),
(852, 1900012, 'IT 113 L', '', 2, ''),
(853, 1900012, 'IT 113', '', 2, ''),
(854, 1900012, 'IT 132 L', '', 2, ''),
(855, 1900012, 'IT 132', '', 2, ''),
(856, 1900012, 'IT 131', '', 2, ''),
(857, 1900012, 'IT 130 L', '', 2, ''),
(858, 1900012, 'IT 130', '', 2, ''),
(859, 1900012, 'IT 134', '', 2, ''),
(860, 1900013, 'GE 101', '1.0', 1, ''),
(861, 1900013, 'GE 105', '2.4', 1, ''),
(862, 1900013, 'NSTP 102', '2.0', 1, ''),
(863, 1900013, 'PE 102', '1.8', 1, ''),
(864, 1900013, 'IT 105', '1.5', 1, ''),
(865, 1900013, 'IT 105 L', '2.1', 1, ''),
(866, 1900013, 'IT 106', '2.3', 1, ''),
(867, 1900013, 'IT 107', '2.0', 1, ''),
(868, 1900013, 'IT 107 L', '1.3', 1, ''),
(869, 1900013, 'IT 108', '1.7', 1, ''),
(870, 1900013, 'IT 108 L', '2.2', 1, ''),
(871, 1900013, 'GE 104', '2.1', 1, ''),
(872, 1900013, 'GE 103', '1.9', 1, ''),
(873, 1900013, 'GE 102', '2.2', 1, ''),
(874, 1900013, 'GE 122', '1.0', 1, ''),
(875, 1900013, 'NSTP 101', '1.2', 1, ''),
(876, 1900013, 'PE 101', '1.5', 1, ''),
(877, 1900013, 'IT 101', '2.0', 1, ''),
(878, 1900013, 'IT 201 L', '', 2, ''),
(879, 1900013, 'IT 102', '1.0', 1, ''),
(880, 1900013, 'IT 103', '1.1', 1, ''),
(881, 1900013, 'IT 103 L', '1.3', 1, ''),
(882, 1900013, 'IT 104', '1.5', 1, ''),
(883, 1900013, 'IT 114', '', 2, ''),
(884, 1900013, 'PE 104', '', 2, ''),
(885, 1900013, 'GE 125', '', 2, ''),
(886, 1900013, 'GE 106', '', 2, ''),
(887, 1900013, 'IT 114 L', '', 2, ''),
(888, 1900013, 'IT 115', '', 2, ''),
(889, 1900013, 'IT 116', '', 2, ''),
(890, 1900013, 'IT 116 L', '', 2, ''),
(891, 1900013, 'IT 117', '', 2, ''),
(892, 1900013, 'IT 117 L', '', 2, ''),
(893, 1900013, 'GE 107', '', 2, ''),
(894, 1900013, 'IT 113 L', '', 2, ''),
(895, 1900013, 'GE 113', '', 2, ''),
(896, 1900013, 'PE 103', '', 2, ''),
(897, 1900013, 'IT 109', '', 2, ''),
(898, 1900013, 'IT 109 L', '', 2, ''),
(899, 1900013, 'IT 110', '', 2, ''),
(900, 1900013, 'IT 111', '', 2, ''),
(901, 1900013, 'IT 111 L', '', 2, ''),
(902, 1900013, 'IT 112', '', 2, ''),
(903, 1900013, 'IT 112 L', '', 2, ''),
(904, 1900013, 'IT 113', '', 2, ''),
(905, 1900013, 'IT 126', '', 2, ''),
(906, 1900013, 'IT 125 L', '', 2, ''),
(907, 1900013, 'IT 125', '', 2, ''),
(908, 1900013, 'IT 124 L', '', 2, ''),
(909, 1900013, 'IT 124', '', 2, ''),
(910, 1900013, 'IT 127', '', 2, ''),
(911, 1900013, 'IT 127 L', '', 2, ''),
(912, 1900013, 'IT 128', '', 2, ''),
(913, 1900013, 'IT 128 L', '', 2, ''),
(914, 1900013, 'IT 129', '', 2, ''),
(915, 1900013, 'IT 129 L', '', 2, ''),
(916, 1900013, 'IT 123 L', '', 2, ''),
(917, 1900013, 'IT 123', '', 2, ''),
(918, 1900013, 'GE 108', '', 2, ''),
(919, 1900013, 'GE 117', '', 2, ''),
(920, 1900013, 'GE 126', '', 2, ''),
(921, 1900013, 'IT 118', '', 2, ''),
(922, 1900013, 'IT 118 L', '', 2, ''),
(923, 1900013, 'IT 119', '', 2, ''),
(924, 1900013, 'IT 119 L', '', 2, ''),
(925, 1900013, 'IT 120', '', 2, ''),
(926, 1900013, 'IT 120 L', '', 2, ''),
(927, 1900013, 'IT 121', '', 2, ''),
(928, 1900013, 'IT 121 L', '', 2, ''),
(929, 1900013, 'IT 122', '', 2, ''),
(930, 1900013, 'IT 122 L', '', 2, ''),
(931, 1900013, 'IT 113 L', '', 2, ''),
(932, 1900013, 'IT 113', '', 2, ''),
(933, 1900013, 'IT 132 L', '', 2, ''),
(934, 1900013, 'IT 132', '', 2, ''),
(935, 1900013, 'IT 131', '', 2, ''),
(936, 1900013, 'IT 130 L', '', 2, ''),
(937, 1900013, 'IT 130', '', 2, ''),
(938, 1900013, 'IT 134', '', 2, ''),
(939, 1900014, 'GE 101', '3.0', 1, ''),
(940, 1900014, 'GE 105', '2.9', 1, ''),
(941, 1900014, 'NSTP 102', '3.0', 1, ''),
(942, 1900014, 'PE 102', '2.1', 1, ''),
(943, 1900014, 'IT 105', '2.8', 1, ''),
(944, 1900014, 'IT 105 L', '2.7', 1, ''),
(945, 1900014, 'IT 106', '2.1', 1, ''),
(946, 1900014, 'IT 107', '2.7', 1, ''),
(947, 1900014, 'IT 107 L', '2.8', 1, ''),
(948, 1900014, 'IT 108', '2.9', 1, ''),
(949, 1900014, 'IT 108 L', '2.7', 1, ''),
(950, 1900014, 'GE 104', '2.5', 1, ''),
(951, 1900014, 'GE 103', '2.2', 1, ''),
(952, 1900014, 'GE 102', '2.9', 1, ''),
(953, 1900014, 'GE 122', 'INC', 1, ''),
(954, 1900014, 'NSTP 101', 'INC', 1, ''),
(955, 1900014, 'PE 101', '1.3', 1, ''),
(956, 1900014, 'IT 101', '2.9', 1, ''),
(957, 1900014, 'IT 201 L', '', 2, ''),
(958, 1900014, 'IT 102', '3.0', 1, ''),
(959, 1900014, 'IT 103', 'INC', 1, ''),
(960, 1900014, 'IT 103 L', 'DRP', 1, ''),
(961, 1900014, 'IT 104', '1.2', 1, ''),
(962, 1900014, 'IT 114', '', 2, ''),
(963, 1900014, 'PE 104', '', 2, ''),
(964, 1900014, 'GE 125', '', 2, ''),
(965, 1900014, 'GE 106', '', 2, ''),
(966, 1900014, 'IT 114 L', '', 2, ''),
(967, 1900014, 'IT 115', '', 2, ''),
(968, 1900014, 'IT 116', '', 2, ''),
(969, 1900014, 'IT 116 L', '', 2, ''),
(970, 1900014, 'IT 117', '', 2, ''),
(971, 1900014, 'IT 117 L', '', 2, ''),
(972, 1900014, 'GE 107', '', 2, ''),
(973, 1900014, 'IT 113 L', '', 2, ''),
(974, 1900014, 'GE 113', '', 2, ''),
(975, 1900014, 'PE 103', '', 2, ''),
(976, 1900014, 'IT 109', '', 2, ''),
(977, 1900014, 'IT 109 L', '', 2, ''),
(978, 1900014, 'IT 110', '', 2, ''),
(979, 1900014, 'IT 111', '', 2, ''),
(980, 1900014, 'IT 111 L', '', 2, ''),
(981, 1900014, 'IT 112', '', 2, ''),
(982, 1900014, 'IT 112 L', '', 2, ''),
(983, 1900014, 'IT 113', '', 2, ''),
(984, 1900014, 'IT 126', '', 2, ''),
(985, 1900014, 'IT 125 L', '', 2, ''),
(986, 1900014, 'IT 125', '', 2, ''),
(987, 1900014, 'IT 124 L', '', 2, ''),
(988, 1900014, 'IT 124', '', 2, ''),
(989, 1900014, 'IT 127', '', 2, ''),
(990, 1900014, 'IT 127 L', '', 2, ''),
(991, 1900014, 'IT 128', '', 2, ''),
(992, 1900014, 'IT 128 L', '', 2, ''),
(993, 1900014, 'IT 129', '', 2, ''),
(994, 1900014, 'IT 129 L', '', 2, ''),
(995, 1900014, 'IT 123 L', '', 2, ''),
(996, 1900014, 'IT 123', '', 2, ''),
(997, 1900014, 'GE 108', '', 2, ''),
(998, 1900014, 'GE 117', '', 2, ''),
(999, 1900014, 'GE 126', '', 2, ''),
(1000, 1900014, 'IT 118', '', 2, ''),
(1001, 1900014, 'IT 118 L', '', 2, ''),
(1002, 1900014, 'IT 119', '', 2, ''),
(1003, 1900014, 'IT 119 L', '', 2, ''),
(1004, 1900014, 'IT 120', '', 2, ''),
(1005, 1900014, 'IT 120 L', '', 2, ''),
(1006, 1900014, 'IT 121', '', 2, ''),
(1007, 1900014, 'IT 121 L', '', 2, ''),
(1008, 1900014, 'IT 122', '', 2, ''),
(1009, 1900014, 'IT 122 L', '', 2, ''),
(1010, 1900014, 'IT 113 L', '', 2, ''),
(1011, 1900014, 'IT 113', '', 2, ''),
(1012, 1900014, 'IT 132 L', '', 2, ''),
(1013, 1900014, 'IT 132', '', 2, ''),
(1014, 1900014, 'IT 131', '', 2, ''),
(1015, 1900014, 'IT 130 L', '', 2, ''),
(1016, 1900014, 'IT 130', '', 2, ''),
(1017, 1900014, 'IT 134', '', 2, ''),
(1018, 1900015, 'GE 101', '1.2', 1, ''),
(1019, 1900015, 'GE 105', '1.5', 1, ''),
(1020, 1900015, 'NSTP 102', '1.8', 1, ''),
(1021, 1900015, 'PE 102', '1.4', 1, ''),
(1022, 1900015, 'IT 105', '1.1', 1, ''),
(1023, 1900015, 'IT 105 L', '1.6', 1, ''),
(1024, 1900015, 'IT 106', '1.6', 1, ''),
(1025, 1900015, 'IT 107', '1.9', 1, ''),
(1026, 1900015, 'IT 107 L', '1.2', 1, ''),
(1027, 1900015, 'IT 108', '1.2', 1, ''),
(1028, 1900015, 'IT 108 L', '1.8', 1, ''),
(1029, 1900015, 'GE 104', '1.7', 1, ''),
(1030, 1900015, 'GE 103', '1.9', 1, ''),
(1031, 1900015, 'GE 102', '1.0', 1, ''),
(1032, 1900015, 'GE 122', '1.2', 1, ''),
(1033, 1900015, 'NSTP 101', '1.5', 1, ''),
(1034, 1900015, 'PE 101', '1.4', 1, ''),
(1035, 1900015, 'IT 101', '1.8', 1, ''),
(1036, 1900015, 'IT 201 L', '', 2, ''),
(1037, 1900015, 'IT 102', '1.0', 1, ''),
(1038, 1900015, 'IT 103', '1.8', 1, ''),
(1039, 1900015, 'IT 103 L', '1.4', 1, ''),
(1040, 1900015, 'IT 104', '1.1', 1, ''),
(1041, 1900015, 'IT 114', '', 2, ''),
(1042, 1900015, 'PE 104', '', 2, ''),
(1043, 1900015, 'GE 125', '', 2, ''),
(1044, 1900015, 'GE 106', '', 2, ''),
(1045, 1900015, 'IT 114 L', '', 2, ''),
(1046, 1900015, 'IT 115', '', 2, ''),
(1047, 1900015, 'IT 116', '', 2, ''),
(1048, 1900015, 'IT 116 L', '', 2, ''),
(1049, 1900015, 'IT 117', '', 2, ''),
(1050, 1900015, 'IT 117 L', '', 2, ''),
(1051, 1900015, 'GE 107', '', 2, ''),
(1052, 1900015, 'IT 113 L', '', 2, ''),
(1053, 1900015, 'GE 113', '', 2, ''),
(1054, 1900015, 'PE 103', '', 2, ''),
(1055, 1900015, 'IT 109', '', 2, ''),
(1056, 1900015, 'IT 109 L', '', 2, ''),
(1057, 1900015, 'IT 110', '', 2, ''),
(1058, 1900015, 'IT 111', '', 2, ''),
(1059, 1900015, 'IT 111 L', '', 2, ''),
(1060, 1900015, 'IT 112', '', 2, ''),
(1061, 1900015, 'IT 112 L', '', 2, ''),
(1062, 1900015, 'IT 113', '', 2, ''),
(1063, 1900015, 'IT 126', '', 2, ''),
(1064, 1900015, 'IT 125 L', '', 2, ''),
(1065, 1900015, 'IT 125', '', 2, ''),
(1066, 1900015, 'IT 124 L', '', 2, ''),
(1067, 1900015, 'IT 124', '', 2, ''),
(1068, 1900015, 'IT 127', '', 2, ''),
(1069, 1900015, 'IT 127 L', '', 2, ''),
(1070, 1900015, 'IT 128', '', 2, ''),
(1071, 1900015, 'IT 128 L', '', 2, ''),
(1072, 1900015, 'IT 129', '', 2, ''),
(1073, 1900015, 'IT 129 L', '', 2, ''),
(1074, 1900015, 'IT 123 L', '', 2, ''),
(1075, 1900015, 'IT 123', '', 2, ''),
(1076, 1900015, 'GE 108', '', 2, ''),
(1077, 1900015, 'GE 117', '', 2, ''),
(1078, 1900015, 'GE 126', '', 2, ''),
(1079, 1900015, 'IT 118', '', 2, ''),
(1080, 1900015, 'IT 118 L', '', 2, ''),
(1081, 1900015, 'IT 119', '', 2, ''),
(1082, 1900015, 'IT 119 L', '', 2, ''),
(1083, 1900015, 'IT 120', '', 2, ''),
(1084, 1900015, 'IT 120 L', '', 2, ''),
(1085, 1900015, 'IT 121', '', 2, ''),
(1086, 1900015, 'IT 121 L', '', 2, ''),
(1087, 1900015, 'IT 122', '', 2, ''),
(1088, 1900015, 'IT 122 L', '', 2, ''),
(1089, 1900015, 'IT 113 L', '', 2, ''),
(1090, 1900015, 'IT 113', '', 2, ''),
(1091, 1900015, 'IT 132 L', '', 2, ''),
(1092, 1900015, 'IT 132', '', 2, ''),
(1093, 1900015, 'IT 131', '', 2, ''),
(1094, 1900015, 'IT 130 L', '', 2, ''),
(1095, 1900015, 'IT 130', '', 2, ''),
(1096, 1900015, 'IT 134', '', 2, ''),
(1097, 1900016, 'GE 101', '2.3', 1, ''),
(1098, 1900016, 'GE 105', '1.8', 1, ''),
(1099, 1900016, 'NSTP 102', '1.7', 1, ''),
(1100, 1900016, 'PE 102', '2.1', 1, ''),
(1101, 1900016, 'IT 105', '2.2', 1, ''),
(1102, 1900016, 'IT 105 L', '2.1', 1, ''),
(1103, 1900016, 'IT 106', '1.0', 1, ''),
(1104, 1900016, 'IT 107', '1.8', 1, ''),
(1105, 1900016, 'IT 107 L', '2.5', 1, ''),
(1106, 1900016, 'IT 108', '2.1', 1, ''),
(1107, 1900016, 'IT 108 L', '2.0', 1, ''),
(1108, 1900016, 'GE 104', '1.6', 1, ''),
(1109, 1900016, 'GE 103', '2.0', 1, ''),
(1110, 1900016, 'GE 102', '1.5', 1, ''),
(1111, 1900016, 'GE 122', '2.1', 1, ''),
(1112, 1900016, 'NSTP 101', 'INC', 1, ''),
(1113, 1900016, 'PE 101', '2.1', 1, ''),
(1114, 1900016, 'IT 101', '1.5', 1, ''),
(1115, 1900016, 'IT 201 L', '', 2, ''),
(1116, 1900016, 'IT 102', '1.3', 1, ''),
(1117, 1900016, 'IT 103', '2.1', 1, ''),
(1118, 1900016, 'IT 103 L', '2.1', 1, ''),
(1119, 1900016, 'IT 104', '2.2', 1, ''),
(1120, 1900016, 'IT 114', '', 2, ''),
(1121, 1900016, 'PE 104', '', 2, ''),
(1122, 1900016, 'GE 125', '', 2, ''),
(1123, 1900016, 'GE 106', '', 2, ''),
(1124, 1900016, 'IT 114 L', '', 2, ''),
(1125, 1900016, 'IT 115', '', 2, ''),
(1126, 1900016, 'IT 116', '', 2, ''),
(1127, 1900016, 'IT 116 L', '', 2, ''),
(1128, 1900016, 'IT 117', '', 2, ''),
(1129, 1900016, 'IT 117 L', '', 2, ''),
(1130, 1900016, 'GE 107', '', 2, ''),
(1131, 1900016, 'IT 113 L', '', 2, ''),
(1132, 1900016, 'GE 113', '', 2, ''),
(1133, 1900016, 'PE 103', '', 2, ''),
(1134, 1900016, 'IT 109', '', 2, ''),
(1135, 1900016, 'IT 109 L', '', 2, ''),
(1136, 1900016, 'IT 110', '', 2, ''),
(1137, 1900016, 'IT 111', '', 2, ''),
(1138, 1900016, 'IT 111 L', '', 2, ''),
(1139, 1900016, 'IT 112', '', 2, ''),
(1140, 1900016, 'IT 112 L', '', 2, ''),
(1141, 1900016, 'IT 113', '', 2, ''),
(1142, 1900016, 'IT 126', '', 2, ''),
(1143, 1900016, 'IT 125 L', '', 2, ''),
(1144, 1900016, 'IT 125', '', 2, ''),
(1145, 1900016, 'IT 124 L', '', 2, ''),
(1146, 1900016, 'IT 124', '', 2, ''),
(1147, 1900016, 'IT 127', '', 2, ''),
(1148, 1900016, 'IT 127 L', '', 2, ''),
(1149, 1900016, 'IT 128', '', 2, ''),
(1150, 1900016, 'IT 128 L', '', 2, ''),
(1151, 1900016, 'IT 129', '', 2, ''),
(1152, 1900016, 'IT 129 L', '', 2, ''),
(1153, 1900016, 'IT 123 L', '', 2, ''),
(1154, 1900016, 'IT 123', '', 2, ''),
(1155, 1900016, 'GE 108', '', 2, ''),
(1156, 1900016, 'GE 117', '', 2, ''),
(1157, 1900016, 'GE 126', '', 2, ''),
(1158, 1900016, 'IT 118', '', 2, ''),
(1159, 1900016, 'IT 118 L', '', 2, ''),
(1160, 1900016, 'IT 119', '', 2, ''),
(1161, 1900016, 'IT 119 L', '', 2, ''),
(1162, 1900016, 'IT 120', '', 2, ''),
(1163, 1900016, 'IT 120 L', '', 2, ''),
(1164, 1900016, 'IT 121', '', 2, ''),
(1165, 1900016, 'IT 121 L', '', 2, ''),
(1166, 1900016, 'IT 122', '', 2, ''),
(1167, 1900016, 'IT 122 L', '', 2, ''),
(1168, 1900016, 'IT 113 L', '', 2, ''),
(1169, 1900016, 'IT 113', '', 2, ''),
(1170, 1900016, 'IT 132 L', '', 2, ''),
(1171, 1900016, 'IT 132', '', 2, ''),
(1172, 1900016, 'IT 131', '', 2, ''),
(1173, 1900016, 'IT 130 L', '', 2, ''),
(1174, 1900016, 'IT 130', '', 2, ''),
(1175, 1900016, 'IT 134', '', 2, ''),
(1176, 1900017, 'GE 101', '2.7', 1, ''),
(1177, 1900017, 'GE 105', '3.0', 1, ''),
(1178, 1900017, 'NSTP 102', '2.1', 1, ''),
(1179, 1900017, 'PE 102', '2.7', 1, ''),
(1180, 1900017, 'IT 105', '3.0', 1, ''),
(1181, 1900017, 'IT 105 L', 'INC', 1, ''),
(1182, 1900017, 'IT 106', '2.8', 1, ''),
(1183, 1900017, 'IT 107', '2.0', 1, ''),
(1184, 1900017, 'IT 107 L', '2.8', 1, ''),
(1185, 1900017, 'IT 108', '1.9', 1, ''),
(1186, 1900017, 'IT 108 L', '3.0', 1, ''),
(1187, 1900017, 'GE 104', '2.9', 1, ''),
(1188, 1900017, 'GE 103', '2.1', 1, ''),
(1189, 1900017, 'GE 102', '2.2', 1, ''),
(1190, 1900017, 'GE 122', '2.1', 1, ''),
(1191, 1900017, 'NSTP 101', '2.9', 1, ''),
(1192, 1900017, 'PE 101', 'INC', 1, ''),
(1193, 1900017, 'IT 101', '2.5', 1, ''),
(1194, 1900017, 'IT 201 L', '', 2, ''),
(1195, 1900017, 'IT 102', '2.2', 1, ''),
(1196, 1900017, 'IT 103', '2.8', 1, ''),
(1197, 1900017, 'IT 103 L', 'DRP', 1, ''),
(1198, 1900017, 'IT 104', 'INC', 1, ''),
(1199, 1900017, 'IT 114', '', 2, ''),
(1200, 1900017, 'PE 104', '', 2, ''),
(1201, 1900017, 'GE 125', '', 2, ''),
(1202, 1900017, 'GE 106', '', 2, ''),
(1203, 1900017, 'IT 114 L', '', 2, ''),
(1204, 1900017, 'IT 115', '', 2, ''),
(1205, 1900017, 'IT 116', '', 2, ''),
(1206, 1900017, 'IT 116 L', '', 2, ''),
(1207, 1900017, 'IT 117', '', 2, ''),
(1208, 1900017, 'IT 117 L', '', 2, ''),
(1209, 1900017, 'GE 107', '', 2, ''),
(1210, 1900017, 'IT 113 L', '', 2, ''),
(1211, 1900017, 'GE 113', '', 2, ''),
(1212, 1900017, 'PE 103', '', 2, ''),
(1213, 1900017, 'IT 109', '', 2, ''),
(1214, 1900017, 'IT 109 L', '', 2, ''),
(1215, 1900017, 'IT 110', '', 2, ''),
(1216, 1900017, 'IT 111', '', 2, ''),
(1217, 1900017, 'IT 111 L', '', 2, ''),
(1218, 1900017, 'IT 112', '', 2, ''),
(1219, 1900017, 'IT 112 L', '', 2, ''),
(1220, 1900017, 'IT 113', '', 2, ''),
(1221, 1900017, 'IT 126', '', 2, ''),
(1222, 1900017, 'IT 125 L', '', 2, ''),
(1223, 1900017, 'IT 125', '', 2, ''),
(1224, 1900017, 'IT 124 L', '', 2, ''),
(1225, 1900017, 'IT 124', '', 2, ''),
(1226, 1900017, 'IT 127', '', 2, ''),
(1227, 1900017, 'IT 127 L', '', 2, ''),
(1228, 1900017, 'IT 128', '', 2, ''),
(1229, 1900017, 'IT 128 L', '', 2, ''),
(1230, 1900017, 'IT 129', '', 2, ''),
(1231, 1900017, 'IT 129 L', '', 2, ''),
(1232, 1900017, 'IT 123 L', '', 2, ''),
(1233, 1900017, 'IT 123', '', 2, ''),
(1234, 1900017, 'GE 108', '', 2, ''),
(1235, 1900017, 'GE 117', '', 2, ''),
(1236, 1900017, 'GE 126', '', 2, ''),
(1237, 1900017, 'IT 118', '', 2, ''),
(1238, 1900017, 'IT 118 L', '', 2, ''),
(1239, 1900017, 'IT 119', '', 2, ''),
(1240, 1900017, 'IT 119 L', '', 2, ''),
(1241, 1900017, 'IT 120', '', 2, ''),
(1242, 1900017, 'IT 120 L', '', 2, ''),
(1243, 1900017, 'IT 121', '', 2, ''),
(1244, 1900017, 'IT 121 L', '', 2, ''),
(1245, 1900017, 'IT 122', '', 2, ''),
(1246, 1900017, 'IT 122 L', '', 2, ''),
(1247, 1900017, 'IT 113 L', '', 2, ''),
(1248, 1900017, 'IT 113', '', 2, ''),
(1249, 1900017, 'IT 132 L', '', 2, ''),
(1250, 1900017, 'IT 132', '', 2, ''),
(1251, 1900017, 'IT 131', '', 2, ''),
(1252, 1900017, 'IT 130 L', '', 2, ''),
(1253, 1900017, 'IT 130', '', 2, ''),
(1254, 1900017, 'IT 134', '', 2, ''),
(1255, 1900018, 'GE 101', '1.1', 1, ''),
(1256, 1900018, 'GE 105', '2.0', 1, ''),
(1257, 1900018, 'NSTP 102', '2.3', 1, ''),
(1258, 1900018, 'PE 102', '1.3', 1, ''),
(1259, 1900018, 'IT 105', '1.8', 1, ''),
(1260, 1900018, 'IT 105 L', '1.7', 1, ''),
(1261, 1900018, 'IT 106', '2.2', 1, ''),
(1262, 1900018, 'IT 107', '2.1', 1, ''),
(1263, 1900018, 'IT 107 L', '1.4', 1, ''),
(1264, 1900018, 'IT 108', '1.5', 1, ''),
(1265, 1900018, 'IT 108 L', '1.8', 1, ''),
(1266, 1900018, 'GE 104', '2.1', 1, ''),
(1267, 1900018, 'GE 103', '1.2', 1, ''),
(1268, 1900018, 'GE 102', '1.9', 1, ''),
(1269, 1900018, 'GE 122', '1.0', 1, ''),
(1270, 1900018, 'NSTP 101', '1.4', 1, ''),
(1271, 1900018, 'PE 101', '1.6', 1, ''),
(1272, 1900018, 'IT 101', '2.0', 1, ''),
(1273, 1900018, 'IT 201 L', '', 2, ''),
(1274, 1900018, 'IT 102', '1.8', 1, ''),
(1275, 1900018, 'IT 103', '1.1', 1, ''),
(1276, 1900018, 'IT 103 L', '1.4', 1, ''),
(1277, 1900018, 'IT 104', '1.6', 1, ''),
(1278, 1900018, 'IT 114', '', 2, ''),
(1279, 1900018, 'PE 104', '', 2, ''),
(1280, 1900018, 'GE 125', '', 2, ''),
(1281, 1900018, 'GE 106', '', 2, ''),
(1282, 1900018, 'IT 114 L', '', 2, ''),
(1283, 1900018, 'IT 115', '', 2, ''),
(1284, 1900018, 'IT 116', '', 2, ''),
(1285, 1900018, 'IT 116 L', '', 2, ''),
(1286, 1900018, 'IT 117', '', 2, ''),
(1287, 1900018, 'IT 117 L', '', 2, ''),
(1288, 1900018, 'GE 107', '', 2, ''),
(1289, 1900018, 'IT 113 L', '', 2, ''),
(1290, 1900018, 'GE 113', '', 2, ''),
(1291, 1900018, 'PE 103', '', 2, ''),
(1292, 1900018, 'IT 109', '', 2, ''),
(1293, 1900018, 'IT 109 L', '', 2, ''),
(1294, 1900018, 'IT 110', '', 2, ''),
(1295, 1900018, 'IT 111', '', 2, ''),
(1296, 1900018, 'IT 111 L', '', 2, ''),
(1297, 1900018, 'IT 112', '', 2, ''),
(1298, 1900018, 'IT 112 L', '', 2, ''),
(1299, 1900018, 'IT 113', '', 2, ''),
(1300, 1900018, 'IT 126', '', 2, ''),
(1301, 1900018, 'IT 125 L', '', 2, ''),
(1302, 1900018, 'IT 125', '', 2, ''),
(1303, 1900018, 'IT 124 L', '', 2, ''),
(1304, 1900018, 'IT 124', '', 2, ''),
(1305, 1900018, 'IT 127', '', 2, ''),
(1306, 1900018, 'IT 127 L', '', 2, ''),
(1307, 1900018, 'IT 128', '', 2, ''),
(1308, 1900018, 'IT 128 L', '', 2, ''),
(1309, 1900018, 'IT 129', '', 2, ''),
(1310, 1900018, 'IT 129 L', '', 2, ''),
(1311, 1900018, 'IT 123 L', '', 2, ''),
(1312, 1900018, 'IT 123', '', 2, ''),
(1313, 1900018, 'GE 108', '', 2, ''),
(1314, 1900018, 'GE 117', '', 2, ''),
(1315, 1900018, 'GE 126', '', 2, ''),
(1316, 1900018, 'IT 118', '', 2, ''),
(1317, 1900018, 'IT 118 L', '', 2, ''),
(1318, 1900018, 'IT 119', '', 2, ''),
(1319, 1900018, 'IT 119 L', '', 2, ''),
(1320, 1900018, 'IT 120', '', 2, ''),
(1321, 1900018, 'IT 120 L', '', 2, ''),
(1322, 1900018, 'IT 121', '', 2, ''),
(1323, 1900018, 'IT 121 L', '', 2, ''),
(1324, 1900018, 'IT 122', '', 2, ''),
(1325, 1900018, 'IT 122 L', '', 2, ''),
(1326, 1900018, 'IT 113 L', '', 2, ''),
(1327, 1900018, 'IT 113', '', 2, ''),
(1328, 1900018, 'IT 132 L', '', 2, ''),
(1329, 1900018, 'IT 132', '', 2, ''),
(1330, 1900018, 'IT 131', '', 2, ''),
(1331, 1900018, 'IT 130 L', '', 2, ''),
(1332, 1900018, 'IT 130', '', 2, ''),
(1333, 1900018, 'IT 134', '', 2, ''),
(1334, 1900019, 'GE 101', '1.9', 1, ''),
(1335, 1900019, 'GE 105', '1.6', 1, ''),
(1336, 1900019, 'NSTP 102', '1.5', 1, ''),
(1337, 1900019, 'PE 102', '1.7', 1, ''),
(1338, 1900019, 'IT 105', '1.5', 1, ''),
(1339, 1900019, 'IT 105 L', '1.4', 1, ''),
(1340, 1900019, 'IT 106', '1.9', 1, ''),
(1341, 1900019, 'IT 107', '1.5', 1, ''),
(1342, 1900019, 'IT 107 L', '1.9', 1, ''),
(1343, 1900019, 'IT 108', '1.1', 1, ''),
(1344, 1900019, 'IT 108 L', '1.6', 1, ''),
(1345, 1900019, 'GE 104', '1.8', 1, ''),
(1346, 1900019, 'GE 103', '1.5', 1, ''),
(1347, 1900019, 'GE 102', 'INC', 1, ''),
(1348, 1900019, 'GE 122', '1.4', 1, ''),
(1349, 1900019, 'NSTP 101', '1.1', 1, ''),
(1350, 1900019, 'PE 101', '1.5', 1, ''),
(1351, 1900019, 'IT 101', '1.8', 1, ''),
(1352, 1900019, 'IT 201 L', '', 2, ''),
(1353, 1900019, 'IT 102', '1.8', 1, ''),
(1354, 1900019, 'IT 103', '1.1', 1, ''),
(1355, 1900019, 'IT 103 L', 'INC', 1, ''),
(1356, 1900019, 'IT 104', '1.5', 1, ''),
(1357, 1900019, 'IT 114', '', 2, ''),
(1358, 1900019, 'PE 104', '', 2, ''),
(1359, 1900019, 'GE 125', '', 2, ''),
(1360, 1900019, 'GE 106', '', 2, ''),
(1361, 1900019, 'IT 114 L', '', 2, ''),
(1362, 1900019, 'IT 115', '', 2, ''),
(1363, 1900019, 'IT 116', '', 2, ''),
(1364, 1900019, 'IT 116 L', '', 2, ''),
(1365, 1900019, 'IT 117', '', 2, ''),
(1366, 1900019, 'IT 117 L', '', 2, ''),
(1367, 1900019, 'GE 107', '', 2, ''),
(1368, 1900019, 'IT 113 L', '', 2, ''),
(1369, 1900019, 'GE 113', '', 2, ''),
(1370, 1900019, 'PE 103', '', 2, ''),
(1371, 1900019, 'IT 109', '', 2, ''),
(1372, 1900019, 'IT 109 L', '', 2, ''),
(1373, 1900019, 'IT 110', '', 2, ''),
(1374, 1900019, 'IT 111', '', 2, ''),
(1375, 1900019, 'IT 111 L', '', 2, ''),
(1376, 1900019, 'IT 112', '', 2, ''),
(1377, 1900019, 'IT 112 L', '', 2, ''),
(1378, 1900019, 'IT 113', '', 2, ''),
(1379, 1900019, 'IT 126', '', 2, ''),
(1380, 1900019, 'IT 125 L', '', 2, ''),
(1381, 1900019, 'IT 125', '', 2, ''),
(1382, 1900019, 'IT 124 L', '', 2, ''),
(1383, 1900019, 'IT 124', '', 2, ''),
(1384, 1900019, 'IT 127', '', 2, ''),
(1385, 1900019, 'IT 127 L', '', 2, ''),
(1386, 1900019, 'IT 128', '', 2, ''),
(1387, 1900019, 'IT 128 L', '', 2, ''),
(1388, 1900019, 'IT 129', '', 2, ''),
(1389, 1900019, 'IT 129 L', '', 2, ''),
(1390, 1900019, 'IT 123 L', '', 2, ''),
(1391, 1900019, 'IT 123', '', 2, ''),
(1392, 1900019, 'GE 108', '', 2, ''),
(1393, 1900019, 'GE 117', '', 2, ''),
(1394, 1900019, 'GE 126', '', 2, ''),
(1395, 1900019, 'IT 118', '', 2, ''),
(1396, 1900019, 'IT 118 L', '', 2, ''),
(1397, 1900019, 'IT 119', '', 2, ''),
(1398, 1900019, 'IT 119 L', '', 2, ''),
(1399, 1900019, 'IT 120', '', 2, ''),
(1400, 1900019, 'IT 120 L', '', 2, ''),
(1401, 1900019, 'IT 121', '', 2, ''),
(1402, 1900019, 'IT 121 L', '', 2, ''),
(1403, 1900019, 'IT 122', '', 2, ''),
(1404, 1900019, 'IT 122 L', '', 2, ''),
(1405, 1900019, 'IT 113 L', '', 2, ''),
(1406, 1900019, 'IT 113', '', 2, ''),
(1407, 1900019, 'IT 132 L', '', 2, ''),
(1408, 1900019, 'IT 132', '', 2, ''),
(1409, 1900019, 'IT 131', '', 2, ''),
(1410, 1900019, 'IT 130 L', '', 2, ''),
(1411, 1900019, 'IT 130', '', 2, ''),
(1412, 1900019, 'IT 134', '', 2, ''),
(1413, 1900020, 'GE 101', '2.8', 1, ''),
(1414, 1900020, 'GE 105', '2.1', 1, ''),
(1415, 1900020, 'NSTP 102', '2.1', 1, ''),
(1416, 1900020, 'PE 102', '2.0', 1, ''),
(1417, 1900020, 'IT 105', '2.6', 1, ''),
(1418, 1900020, 'IT 105 L', '2.9', 1, ''),
(1419, 1900020, 'IT 106', '2.2', 1, ''),
(1420, 1900020, 'IT 107', '2.1', 1, ''),
(1421, 1900020, 'IT 107 L', '2.1', 1, ''),
(1422, 1900020, 'IT 108', '2.7', 1, ''),
(1423, 1900020, 'IT 108 L', '2.8', 1, ''),
(1424, 1900020, 'GE 104', '2.1', 1, ''),
(1425, 1900020, 'GE 103', '2.1', 1, ''),
(1426, 1900020, 'GE 102', '2.7', 1, ''),
(1427, 1900020, 'GE 122', '2.1', 1, ''),
(1428, 1900020, 'NSTP 101', '2.1', 1, ''),
(1429, 1900020, 'PE 101', '1.5', 1, ''),
(1430, 1900020, 'IT 101', '2.1', 1, ''),
(1431, 1900020, 'IT 201 L', '', 2, ''),
(1432, 1900020, 'IT 102', '1.9', 1, ''),
(1433, 1900020, 'IT 103', '2.5', 1, ''),
(1434, 1900020, 'IT 103 L', '2.5', 1, ''),
(1435, 1900020, 'IT 104', '1.1', 1, ''),
(1436, 1900020, 'IT 114', '', 2, ''),
(1437, 1900020, 'PE 104', '', 2, ''),
(1438, 1900020, 'GE 125', '', 2, ''),
(1439, 1900020, 'GE 106', '', 2, ''),
(1440, 1900020, 'IT 114 L', '', 2, ''),
(1441, 1900020, 'IT 115', '', 2, ''),
(1442, 1900020, 'IT 116', '', 2, ''),
(1443, 1900020, 'IT 116 L', '', 2, ''),
(1444, 1900020, 'IT 117', '', 2, ''),
(1445, 1900020, 'IT 117 L', '', 2, ''),
(1446, 1900020, 'GE 107', '', 2, ''),
(1447, 1900020, 'IT 113 L', '', 2, ''),
(1448, 1900020, 'GE 113', '', 2, ''),
(1449, 1900020, 'PE 103', '', 2, ''),
(1450, 1900020, 'IT 109', '', 2, ''),
(1451, 1900020, 'IT 109 L', '', 2, ''),
(1452, 1900020, 'IT 110', '', 2, ''),
(1453, 1900020, 'IT 111', '', 2, ''),
(1454, 1900020, 'IT 111 L', '', 2, ''),
(1455, 1900020, 'IT 112', '', 2, ''),
(1456, 1900020, 'IT 112 L', '', 2, ''),
(1457, 1900020, 'IT 113', '', 2, ''),
(1458, 1900020, 'IT 126', '', 2, ''),
(1459, 1900020, 'IT 125 L', '', 2, ''),
(1460, 1900020, 'IT 125', '', 2, ''),
(1461, 1900020, 'IT 124 L', '', 2, ''),
(1462, 1900020, 'IT 124', '', 2, ''),
(1463, 1900020, 'IT 127', '', 2, ''),
(1464, 1900020, 'IT 127 L', '', 2, ''),
(1465, 1900020, 'IT 128', '', 2, ''),
(1466, 1900020, 'IT 128 L', '', 2, ''),
(1467, 1900020, 'IT 129', '', 2, ''),
(1468, 1900020, 'IT 129 L', '', 2, ''),
(1469, 1900020, 'IT 123 L', '', 2, ''),
(1470, 1900020, 'IT 123', '', 2, ''),
(1471, 1900020, 'GE 108', '', 2, ''),
(1472, 1900020, 'GE 117', '', 2, ''),
(1473, 1900020, 'GE 126', '', 2, ''),
(1474, 1900020, 'IT 118', '', 2, ''),
(1475, 1900020, 'IT 118 L', '', 2, ''),
(1476, 1900020, 'IT 119', '', 2, ''),
(1477, 1900020, 'IT 119 L', '', 2, ''),
(1478, 1900020, 'IT 120', '', 2, ''),
(1479, 1900020, 'IT 120 L', '', 2, ''),
(1480, 1900020, 'IT 121', '', 2, ''),
(1481, 1900020, 'IT 121 L', '', 2, ''),
(1482, 1900020, 'IT 122', '', 2, ''),
(1483, 1900020, 'IT 122 L', '', 2, ''),
(1484, 1900020, 'IT 113 L', '', 2, ''),
(1485, 1900020, 'IT 113', '', 2, ''),
(1486, 1900020, 'IT 132 L', '', 2, ''),
(1487, 1900020, 'IT 132', '', 2, ''),
(1488, 1900020, 'IT 131', '', 2, ''),
(1489, 1900020, 'IT 130 L', '', 2, ''),
(1490, 1900020, 'IT 130', '', 2, ''),
(1491, 1900020, 'IT 134', '', 2, ''),
(1492, 1900021, 'GE 101', '1.9', 1, ''),
(1493, 1900021, 'GE 105', '2.1', 1, ''),
(1494, 1900021, 'NSTP 102', '1.9', 1, ''),
(1495, 1900021, 'PE 102', '1.1', 1, ''),
(1496, 1900021, 'IT 105', '1.5', 1, ''),
(1497, 1900021, 'IT 105 L', '1.9', 1, ''),
(1498, 1900021, 'IT 106', '2.1', 1, ''),
(1499, 1900021, 'IT 107', '1.6', 1, ''),
(1500, 1900021, 'IT 107 L', '1.5', 1, ''),
(1501, 1900021, 'IT 108', '1.7', 1, ''),
(1502, 1900021, 'IT 108 L', '1.8', 1, ''),
(1503, 1900021, 'GE 104', '2.0', 1, ''),
(1504, 1900021, 'GE 103', '1.4', 1, ''),
(1505, 1900021, 'GE 102', '1.8', 1, ''),
(1506, 1900021, 'GE 122', '1.8', 1, ''),
(1507, 1900021, 'NSTP 101', '1.5', 1, ''),
(1508, 1900021, 'PE 101', '1.1', 1, ''),
(1509, 1900021, 'IT 101', '1.7', 1, ''),
(1510, 1900021, 'IT 201 L', '', 2, ''),
(1511, 1900021, 'IT 102', '1.5', 1, ''),
(1512, 1900021, 'IT 103', '1.5', 1, ''),
(1513, 1900021, 'IT 103 L', '1.5', 1, ''),
(1514, 1900021, 'IT 104', '1.1', 1, ''),
(1515, 1900021, 'IT 114', '1.8', 1, ''),
(1516, 1900021, 'PE 104', '1.5', 1, ''),
(1517, 1900021, 'GE 125', '1.0', 1, ''),
(1518, 1900021, 'GE 106', '2.3', 1, ''),
(1519, 1900021, 'IT 114 L', '1.7', 1, ''),
(1520, 1900021, 'IT 115', '1.1', 1, ''),
(1521, 1900021, 'IT 116', '1.7', 1, ''),
(1522, 1900021, 'IT 116 L', '2.4', 1, ''),
(1523, 1900021, 'IT 117', '2.2', 1, ''),
(1524, 1900021, 'IT 117 L', '1.7', 1, ''),
(1525, 1900021, 'GE 107', '1.1', 1, ''),
(1526, 1900021, 'IT 113 L', '1.5', 1, ''),
(1527, 1900021, 'GE 113', '1.1', 1, ''),
(1528, 1900021, 'PE 103', '2.1', 1, ''),
(1529, 1900021, 'IT 109', '1.9', 1, ''),
(1530, 1900021, 'IT 109 L', '1.5', 1, ''),
(1531, 1900021, 'IT 110', '1.5', 1, ''),
(1532, 1900021, 'IT 111', '1.5', 1, ''),
(1533, 1900021, 'IT 111 L', '2.0', 1, ''),
(1534, 1900021, 'IT 112', '1.8', 1, ''),
(1535, 1900021, 'IT 112 L', '1.5', 1, ''),
(1536, 1900021, 'IT 113', '1.1', 1, ''),
(1537, 1900021, 'IT 126', '', 2, ''),
(1538, 1900021, 'IT 125 L', '', 2, ''),
(1539, 1900021, 'IT 125', '', 2, ''),
(1540, 1900021, 'IT 124 L', '', 2, ''),
(1541, 1900021, 'IT 124', '', 2, ''),
(1542, 1900021, 'IT 127', '', 2, ''),
(1543, 1900021, 'IT 127 L', '', 2, ''),
(1544, 1900021, 'IT 128', '', 2, ''),
(1545, 1900021, 'IT 128 L', '', 2, ''),
(1546, 1900021, 'IT 129', '', 2, ''),
(1547, 1900021, 'IT 129 L', '', 2, ''),
(1548, 1900021, 'IT 123 L', '', 2, ''),
(1549, 1900021, 'IT 123', '', 2, ''),
(1550, 1900021, 'GE 108', '', 2, ''),
(1551, 1900021, 'GE 117', '', 2, ''),
(1552, 1900021, 'GE 126', '', 2, ''),
(1553, 1900021, 'IT 118', '', 2, ''),
(1554, 1900021, 'IT 118 L', '', 2, ''),
(1555, 1900021, 'IT 119', '', 2, ''),
(1556, 1900021, 'IT 119 L', '', 2, ''),
(1557, 1900021, 'IT 120', '', 2, ''),
(1558, 1900021, 'IT 120 L', '', 2, ''),
(1559, 1900021, 'IT 121', '', 2, ''),
(1560, 1900021, 'IT 121 L', '', 2, ''),
(1561, 1900021, 'IT 122', '', 2, ''),
(1562, 1900021, 'IT 122 L', '', 2, ''),
(1563, 1900021, 'IT 113 L', '1.8', 1, ''),
(1564, 1900021, 'IT 113', '1.4', 1, ''),
(1565, 1900021, 'IT 132 L', '', 2, ''),
(1566, 1900021, 'IT 132', '', 2, ''),
(1567, 1900021, 'IT 131', '', 2, ''),
(1568, 1900021, 'IT 130 L', '', 2, ''),
(1569, 1900021, 'IT 130', '', 2, ''),
(1570, 1900021, 'IT 134', '', 2, ''),
(1571, 1900022, 'GE 101', '1.5', 1, ''),
(1572, 1900022, 'GE 105', '1.2', 1, ''),
(1573, 1900022, 'NSTP 102', '1.6', 1, ''),
(1574, 1900022, 'PE 102', '2.0', 1, ''),
(1575, 1900022, 'IT 105', 'INC', 1, ''),
(1576, 1900022, 'IT 105 L', '1.5', 1, ''),
(1577, 1900022, 'IT 106', '1.5', 1, ''),
(1578, 1900022, 'IT 107', '1.6', 1, ''),
(1579, 1900022, 'IT 107 L', '1.0', 1, ''),
(1580, 1900022, 'IT 108', '1.0', 1, ''),
(1581, 1900022, 'IT 108 L', '1.4', 1, ''),
(1582, 1900022, 'GE 104', '1.9', 1, ''),
(1583, 1900022, 'GE 103', '2.4', 1, ''),
(1584, 1900022, 'GE 102', '1.5', 1, ''),
(1585, 1900022, 'GE 122', '1.8', 1, ''),
(1586, 1900022, 'NSTP 101', '1.5', 1, ''),
(1587, 1900022, 'PE 101', '1.9', 1, ''),
(1588, 1900022, 'IT 101', '1.4', 1, ''),
(1589, 1900022, 'IT 201 L', '', 2, ''),
(1590, 1900022, 'IT 102', '1.9', 1, ''),
(1591, 1900022, 'IT 103', '1.5', 1, ''),
(1592, 1900022, 'IT 103 L', '1.2', 1, ''),
(1593, 1900022, 'IT 104', 'INC', 1, ''),
(1594, 1900022, 'IT 114', '1.2', 1, ''),
(1595, 1900022, 'PE 104', '1.8', 1, ''),
(1596, 1900022, 'GE 125', '1.5', 1, ''),
(1597, 1900022, 'GE 106', '1.3', 1, ''),
(1598, 1900022, 'IT 114 L', '1.9', 1, ''),
(1599, 1900022, 'IT 115', '1.4', 1, ''),
(1600, 1900022, 'IT 116', '1.1', 1, ''),
(1601, 1900022, 'IT 116 L', '1.1', 1, ''),
(1602, 1900022, 'IT 117', '1.4', 1, ''),
(1603, 1900022, 'IT 117 L', '1.1', 1, ''),
(1604, 1900022, 'GE 107', '1.4', 1, ''),
(1605, 1900022, 'IT 113 L', '2.1', 1, ''),
(1606, 1900022, 'GE 113', '2.5', 1, ''),
(1607, 1900022, 'PE 103', '1.5', 1, ''),
(1608, 1900022, 'IT 109', '1.7', 1, ''),
(1609, 1900022, 'IT 109 L', '2.0', 1, ''),
(1610, 1900022, 'IT 110', '2.4', 1, ''),
(1611, 1900022, 'IT 111', '2.3', 1, ''),
(1612, 1900022, 'IT 111 L', '1.5', 1, ''),
(1613, 1900022, 'IT 112', '1.9', 1, ''),
(1614, 1900022, 'IT 112 L', '2.1', 1, ''),
(1615, 1900022, 'IT 113', '2.1', 1, ''),
(1616, 1900022, 'IT 126', '', 2, ''),
(1617, 1900022, 'IT 125 L', '', 2, ''),
(1618, 1900022, 'IT 125', '', 2, ''),
(1619, 1900022, 'IT 124 L', '', 2, ''),
(1620, 1900022, 'IT 124', '', 2, ''),
(1621, 1900022, 'IT 127', '', 2, ''),
(1622, 1900022, 'IT 127 L', '', 2, ''),
(1623, 1900022, 'IT 128', '', 2, ''),
(1624, 1900022, 'IT 128 L', '', 2, ''),
(1625, 1900022, 'IT 129', '', 2, ''),
(1626, 1900022, 'IT 129 L', '', 2, ''),
(1627, 1900022, 'IT 123 L', '', 2, ''),
(1628, 1900022, 'IT 123', '', 2, ''),
(1629, 1900022, 'GE 108', '', 2, ''),
(1630, 1900022, 'GE 117', '', 2, ''),
(1631, 1900022, 'GE 126', '', 2, ''),
(1632, 1900022, 'IT 118', '', 2, ''),
(1633, 1900022, 'IT 118 L', '', 2, ''),
(1634, 1900022, 'IT 119', '', 2, ''),
(1635, 1900022, 'IT 119 L', '', 2, ''),
(1636, 1900022, 'IT 120', '', 2, ''),
(1637, 1900022, 'IT 120 L', '', 2, ''),
(1638, 1900022, 'IT 121', '', 2, ''),
(1639, 1900022, 'IT 121 L', '', 2, ''),
(1640, 1900022, 'IT 122', '', 2, ''),
(1641, 1900022, 'IT 122 L', '', 2, ''),
(1642, 1900022, 'IT 113 L', '1.9', 1, ''),
(1643, 1900022, 'IT 113', '2.1', 1, ''),
(1644, 1900022, 'IT 132 L', '', 2, ''),
(1645, 1900022, 'IT 132', '', 2, ''),
(1646, 1900022, 'IT 131', '', 2, ''),
(1647, 1900022, 'IT 130 L', '', 2, ''),
(1648, 1900022, 'IT 130', '', 2, ''),
(1649, 1900022, 'IT 134', '', 2, ''),
(1650, 1900023, 'GE 101', '2.1', 1, ''),
(1651, 1900023, 'GE 105', '2.1', 1, ''),
(1652, 1900023, 'NSTP 102', '2.5', 1, ''),
(1653, 1900023, 'PE 102', '2.7', 1, ''),
(1654, 1900023, 'IT 105', '2.5', 1, ''),
(1655, 1900023, 'IT 105 L', '2.7', 1, ''),
(1656, 1900023, 'IT 106', '2.8', 1, ''),
(1657, 1900023, 'IT 107', '2.5', 1, ''),
(1658, 1900023, 'IT 107 L', '2.1', 1, ''),
(1659, 1900023, 'IT 108', '2.0', 1, ''),
(1660, 1900023, 'IT 108 L', '2.8', 1, ''),
(1661, 1900023, 'GE 104', '2.1', 1, ''),
(1662, 1900023, 'GE 103', '2.1', 1, ''),
(1663, 1900023, 'GE 102', '2.1', 1, ''),
(1664, 1900023, 'GE 122', '2.8', 1, ''),
(1665, 1900023, 'NSTP 101', '1.1', 1, ''),
(1666, 1900023, 'PE 101', '2.8', 1, ''),
(1667, 1900023, 'IT 101', '2.0', 1, ''),
(1668, 1900023, 'IT 201 L', '', 2, ''),
(1669, 1900023, 'IT 102', '2.8', 1, ''),
(1670, 1900023, 'IT 103', '1.1', 1, ''),
(1671, 1900023, 'IT 103 L', '2.9', 1, ''),
(1672, 1900023, 'IT 104', '2.8', 1, ''),
(1673, 1900023, 'IT 114', 'DRP', 1, ''),
(1674, 1900023, 'PE 104', '2.6', 1, ''),
(1675, 1900023, 'GE 125', '2.7', 1, ''),
(1676, 1900023, 'GE 106', '1.8', 1, ''),
(1677, 1900023, 'IT 114 L', 'DRP', 1, ''),
(1678, 1900023, 'IT 115', '2.7', 1, ''),
(1679, 1900023, 'IT 116', '2.2', 1, ''),
(1680, 1900023, 'IT 116 L', '2.8', 1, ''),
(1681, 1900023, 'IT 117', '1.5', 1, ''),
(1682, 1900023, 'IT 117 L', 'INC', 1, ''),
(1683, 1900023, 'GE 107', '2.7', 1, ''),
(1684, 1900023, 'IT 113 L', '2.1', 1, ''),
(1685, 1900023, 'GE 113', '2.1', 1, ''),
(1686, 1900023, 'PE 103', '3.0', 1, ''),
(1687, 1900023, 'IT 109', '2.0', 1, ''),
(1688, 1900023, 'IT 109 L', '2.8', 1, ''),
(1689, 1900023, 'IT 110', '2.1', 1, ''),
(1690, 1900023, 'IT 111', '2.8', 1, ''),
(1691, 1900023, 'IT 111 L', '3.0', 1, ''),
(1692, 1900023, 'IT 112', '2.9', 1, ''),
(1693, 1900023, 'IT 112 L', '2.8', 1, ''),
(1694, 1900023, 'IT 113', '2.6', 1, ''),
(1695, 1900023, 'IT 126', '', 2, ''),
(1696, 1900023, 'IT 125 L', '', 2, ''),
(1697, 1900023, 'IT 125', '', 2, ''),
(1698, 1900023, 'IT 124 L', '', 2, ''),
(1699, 1900023, 'IT 124', '', 2, ''),
(1700, 1900023, 'IT 127', '', 2, ''),
(1701, 1900023, 'IT 127 L', '', 2, ''),
(1702, 1900023, 'IT 128', '', 2, ''),
(1703, 1900023, 'IT 128 L', '', 2, ''),
(1704, 1900023, 'IT 129', '', 2, ''),
(1705, 1900023, 'IT 129 L', '', 2, ''),
(1706, 1900023, 'IT 123 L', '', 2, ''),
(1707, 1900023, 'IT 123', '', 2, ''),
(1708, 1900023, 'GE 108', '', 2, ''),
(1709, 1900023, 'GE 117', '', 2, ''),
(1710, 1900023, 'GE 126', '', 2, ''),
(1711, 1900023, 'IT 118', '', 2, ''),
(1712, 1900023, 'IT 118 L', '', 2, ''),
(1713, 1900023, 'IT 119', '', 2, ''),
(1714, 1900023, 'IT 119 L', '', 2, ''),
(1715, 1900023, 'IT 120', '', 2, ''),
(1716, 1900023, 'IT 120 L', '', 2, ''),
(1717, 1900023, 'IT 121', '', 2, ''),
(1718, 1900023, 'IT 121 L', '', 2, ''),
(1719, 1900023, 'IT 122', '', 2, ''),
(1720, 1900023, 'IT 122 L', '', 2, ''),
(1721, 1900023, 'IT 113 L', '2.5', 1, ''),
(1722, 1900023, 'IT 113', '2.7', 1, ''),
(1723, 1900023, 'IT 132 L', '', 2, ''),
(1724, 1900023, 'IT 132', '', 2, ''),
(1725, 1900023, 'IT 131', '', 2, ''),
(1726, 1900023, 'IT 130 L', '', 2, ''),
(1727, 1900023, 'IT 130', '', 2, ''),
(1728, 1900023, 'IT 134', '', 2, ''),
(1729, 1900024, 'GE 101', '1.5', 1, ''),
(1730, 1900024, 'GE 105', '3.0', 1, ''),
(1731, 1900024, 'NSTP 102', '2.2', 1, ''),
(1732, 1900024, 'PE 102', '2.6', 1, ''),
(1733, 1900024, 'IT 105', '2.8', 1, ''),
(1734, 1900024, 'IT 105 L', '1.1', 1, ''),
(1735, 1900024, 'IT 106', '2.8', 1, ''),
(1736, 1900024, 'IT 107', '2.2', 1, ''),
(1737, 1900024, 'IT 107 L', '2.7', 1, ''),
(1738, 1900024, 'IT 108', '1.9', 1, ''),
(1739, 1900024, 'IT 108 L', '1.1', 1, ''),
(1740, 1900024, 'GE 104', '2.7', 1, ''),
(1741, 1900024, 'GE 103', '2.5', 1, ''),
(1742, 1900024, 'GE 102', '1.9', 1, ''),
(1743, 1900024, 'GE 122', '1.1', 1, ''),
(1744, 1900024, 'NSTP 101', '1.3', 1, ''),
(1745, 1900024, 'PE 101', '1.9', 1, ''),
(1746, 1900024, 'IT 101', '2.0', 1, ''),
(1747, 1900024, 'IT 201 L', '', 2, ''),
(1748, 1900024, 'IT 102', '1.7', 1, ''),
(1749, 1900024, 'IT 103', '1.5', 1, ''),
(1750, 1900024, 'IT 103 L', '1.6', 1, ''),
(1751, 1900024, 'IT 104', '1.6', 1, ''),
(1752, 1900024, 'IT 114', '2.2', 1, ''),
(1753, 1900024, 'PE 104', '2.1', 1, ''),
(1754, 1900024, 'GE 125', '2.6', 1, ''),
(1755, 1900024, 'GE 106', '2.0', 1, ''),
(1756, 1900024, 'IT 114 L', '2.0', 1, ''),
(1757, 1900024, 'IT 115', '2.1', 1, ''),
(1758, 1900024, 'IT 116', '2.8', 1, ''),
(1759, 1900024, 'IT 116 L', '2.8', 1, ''),
(1760, 1900024, 'IT 117', '1.9', 1, ''),
(1761, 1900024, 'IT 117 L', '2.0', 1, ''),
(1762, 1900024, 'GE 107', '2.1', 1, ''),
(1763, 1900024, 'IT 113 L', '2.7', 1, ''),
(1764, 1900024, 'GE 113', '2.9', 1, ''),
(1765, 1900024, 'PE 103', '1.8', 1, ''),
(1766, 1900024, 'IT 109', '2.9', 1, ''),
(1767, 1900024, 'IT 109 L', '2.1', 1, ''),
(1768, 1900024, 'IT 110', '2.6', 1, ''),
(1769, 1900024, 'IT 111', '1.5', 1, ''),
(1770, 1900024, 'IT 111 L', '1.9', 1, ''),
(1771, 1900024, 'IT 112', '2.8', 1, ''),
(1772, 1900024, 'IT 112 L', '2.5', 1, ''),
(1773, 1900024, 'IT 113', '2.7', 1, ''),
(1774, 1900024, 'IT 126', '', 2, ''),
(1775, 1900024, 'IT 125 L', '', 2, ''),
(1776, 1900024, 'IT 125', '', 2, ''),
(1777, 1900024, 'IT 124 L', '', 2, ''),
(1778, 1900024, 'IT 124', '', 2, ''),
(1779, 1900024, 'IT 127', '', 2, ''),
(1780, 1900024, 'IT 127 L', '', 2, ''),
(1781, 1900024, 'IT 128', '', 2, ''),
(1782, 1900024, 'IT 128 L', '', 2, ''),
(1783, 1900024, 'IT 129', '', 2, ''),
(1784, 1900024, 'IT 129 L', '', 2, ''),
(1785, 1900024, 'IT 123 L', '', 2, ''),
(1786, 1900024, 'IT 123', '', 2, ''),
(1787, 1900024, 'GE 108', '', 2, ''),
(1788, 1900024, 'GE 117', '', 2, ''),
(1789, 1900024, 'GE 126', '', 2, ''),
(1790, 1900024, 'IT 118', '', 2, ''),
(1791, 1900024, 'IT 118 L', '', 2, ''),
(1792, 1900024, 'IT 119', '', 2, ''),
(1793, 1900024, 'IT 119 L', '', 2, ''),
(1794, 1900024, 'IT 120', '', 2, ''),
(1795, 1900024, 'IT 120 L', '', 2, ''),
(1796, 1900024, 'IT 121', '', 2, ''),
(1797, 1900024, 'IT 121 L', '', 2, ''),
(1798, 1900024, 'IT 122', '', 2, ''),
(1799, 1900024, 'IT 122 L', '', 2, ''),
(1800, 1900024, 'IT 113 L', '2.1', 1, ''),
(1801, 1900024, 'IT 113', '2.1', 1, ''),
(1802, 1900024, 'IT 132 L', '', 2, ''),
(1803, 1900024, 'IT 132', '', 2, ''),
(1804, 1900024, 'IT 131', '', 2, ''),
(1805, 1900024, 'IT 130 L', '', 2, ''),
(1806, 1900024, 'IT 130', '', 2, ''),
(1807, 1900024, 'IT 134', '', 2, ''),
(1808, 1900025, 'GE 101', '2.4', 1, ''),
(1809, 1900025, 'GE 105', '2.4', 1, ''),
(1810, 1900025, 'NSTP 102', '2.2', 1, ''),
(1811, 1900025, 'PE 102', '1.8', 1, ''),
(1812, 1900025, 'IT 105', '1.7', 1, ''),
(1813, 1900025, 'IT 105 L', '2.4', 1, ''),
(1814, 1900025, 'IT 106', '2.0', 1, ''),
(1815, 1900025, 'IT 107', '2.3', 1, ''),
(1816, 1900025, 'IT 107 L', '1.8', 1, ''),
(1817, 1900025, 'IT 108', '2.1', 1, ''),
(1818, 1900025, 'IT 108 L', '2.1', 1, ''),
(1819, 1900025, 'GE 104', '2.1', 1, ''),
(1820, 1900025, 'GE 103', '1.6', 1, ''),
(1821, 1900025, 'GE 102', '2.5', 1, ''),
(1822, 1900025, 'GE 122', '2.0', 1, ''),
(1823, 1900025, 'NSTP 101', '1.8', 1, ''),
(1824, 1900025, 'PE 101', '1.5', 1, ''),
(1825, 1900025, 'IT 101', '2.4', 1, ''),
(1826, 1900025, 'IT 201 L', '', 2, ''),
(1827, 1900025, 'IT 102', '2.1', 1, ''),
(1828, 1900025, 'IT 103', 'INC', 1, ''),
(1829, 1900025, 'IT 103 L', '1.6', 1, ''),
(1830, 1900025, 'IT 104', '1.1', 1, ''),
(1831, 1900025, 'IT 114', '1.9', 1, ''),
(1832, 1900025, 'PE 104', '1.3', 1, ''),
(1833, 1900025, 'GE 125', '1.4', 1, ''),
(1834, 1900025, 'GE 106', '1.4', 1, ''),
(1835, 1900025, 'IT 114 L', '1.7', 1, ''),
(1836, 1900025, 'IT 115', '1.9', 1, ''),
(1837, 1900025, 'IT 116', '1.4', 1, ''),
(1838, 1900025, 'IT 116 L', '1.6', 1, ''),
(1839, 1900025, 'IT 117', '2.1', 1, ''),
(1840, 1900025, 'IT 117 L', '1.8', 1, ''),
(1841, 1900025, 'GE 107', '1.8', 1, ''),
(1842, 1900025, 'IT 113 L', '2.0', 1, ''),
(1843, 1900025, 'GE 113', '1.4', 1, ''),
(1844, 1900025, 'PE 103', '2.1', 1, ''),
(1845, 1900025, 'IT 109', '2.5', 1, ''),
(1846, 1900025, 'IT 109 L', '2.1', 1, ''),
(1847, 1900025, 'IT 110', '1.8', 1, ''),
(1848, 1900025, 'IT 111', '1.7', 1, ''),
(1849, 1900025, 'IT 111 L', '2.5', 1, ''),
(1850, 1900025, 'IT 112', '2.3', 1, ''),
(1851, 1900025, 'IT 112 L', '2.0', 1, ''),
(1852, 1900025, 'IT 113', '1.5', 1, ''),
(1853, 1900025, 'IT 126', '', 2, ''),
(1854, 1900025, 'IT 125 L', '', 2, ''),
(1855, 1900025, 'IT 125', '', 2, ''),
(1856, 1900025, 'IT 124 L', '', 2, ''),
(1857, 1900025, 'IT 124', '', 2, ''),
(1858, 1900025, 'IT 127', '', 2, ''),
(1859, 1900025, 'IT 127 L', '', 2, ''),
(1860, 1900025, 'IT 128', '', 2, ''),
(1861, 1900025, 'IT 128 L', '', 2, ''),
(1862, 1900025, 'IT 129', '', 2, ''),
(1863, 1900025, 'IT 129 L', '', 2, ''),
(1864, 1900025, 'IT 123 L', '', 2, ''),
(1865, 1900025, 'IT 123', '', 2, ''),
(1866, 1900025, 'GE 108', '', 2, ''),
(1867, 1900025, 'GE 117', '', 2, ''),
(1868, 1900025, 'GE 126', '', 2, ''),
(1869, 1900025, 'IT 118', '', 2, ''),
(1870, 1900025, 'IT 118 L', '', 2, ''),
(1871, 1900025, 'IT 119', '', 2, ''),
(1872, 1900025, 'IT 119 L', '', 2, ''),
(1873, 1900025, 'IT 120', '', 2, ''),
(1874, 1900025, 'IT 120 L', '', 2, ''),
(1875, 1900025, 'IT 121', '', 2, ''),
(1876, 1900025, 'IT 121 L', '', 2, ''),
(1877, 1900025, 'IT 122', '', 2, ''),
(1878, 1900025, 'IT 122 L', '', 2, ''),
(1879, 1900025, 'IT 113 L', '1.6', 1, ''),
(1880, 1900025, 'IT 113', '1.7', 1, ''),
(1881, 1900025, 'IT 132 L', '', 2, ''),
(1882, 1900025, 'IT 132', '', 2, ''),
(1883, 1900025, 'IT 131', '', 2, ''),
(1884, 1900025, 'IT 130 L', '', 2, ''),
(1885, 1900025, 'IT 130', '', 2, ''),
(1886, 1900025, 'IT 134', '', 2, ''),
(1887, 1900026, 'GE 101', 'INC', 1, ''),
(1888, 1900026, 'GE 105', '1.4', 1, ''),
(1889, 1900026, 'NSTP 102', '2.1', 1, ''),
(1890, 1900026, 'PE 102', '1.7', 1, ''),
(1891, 1900026, 'IT 105', '1.6', 1, ''),
(1892, 1900026, 'IT 105 L', '1.8', 1, ''),
(1893, 1900026, 'IT 106', '1.5', 1, ''),
(1894, 1900026, 'IT 107', '2.1', 1, ''),
(1895, 1900026, 'IT 107 L', '1.9', 1, ''),
(1896, 1900026, 'IT 108', '1.9', 1, ''),
(1897, 1900026, 'IT 108 L', '1.3', 1, ''),
(1898, 1900026, 'GE 104', '1.8', 1, ''),
(1899, 1900026, 'GE 103', '1.5', 1, ''),
(1900, 1900026, 'GE 102', '2.1', 1, ''),
(1901, 1900026, 'GE 122', '2.0', 1, ''),
(1902, 1900026, 'NSTP 101', '1.8', 1, ''),
(1903, 1900026, 'PE 101', '1.8', 1, ''),
(1904, 1900026, 'IT 101', '2.5', 1, ''),
(1905, 1900026, 'IT 201 L', '', 2, ''),
(1906, 1900026, 'IT 102', '2.8', 1, ''),
(1907, 1900026, 'IT 103', '1.9', 1, ''),
(1908, 1900026, 'IT 103 L', '1.4', 1, ''),
(1909, 1900026, 'IT 104', '1.5', 1, ''),
(1910, 1900026, 'IT 114', '2.2', 1, ''),
(1911, 1900026, 'PE 104', '1.9', 1, ''),
(1912, 1900026, 'GE 125', '1.5', 1, ''),
(1913, 1900026, 'GE 106', '1.4', 1, ''),
(1914, 1900026, 'IT 114 L', '1.5', 1, ''),
(1915, 1900026, 'IT 115', '2.1', 1, ''),
(1916, 1900026, 'IT 116', '1.8', 1, ''),
(1917, 1900026, 'IT 116 L', '1.6', 1, ''),
(1918, 1900026, 'IT 117', '1.7', 1, ''),
(1919, 1900026, 'IT 117 L', '2.7', 1, ''),
(1920, 1900026, 'GE 107', '2.0', 1, ''),
(1921, 1900026, 'IT 113 L', '2.3', 1, ''),
(1922, 1900026, 'GE 113', '2.4', 1, ''),
(1923, 1900026, 'PE 103', '2.1', 1, ''),
(1924, 1900026, 'IT 109', '2.1', 1, ''),
(1925, 1900026, 'IT 109 L', '2.3', 1, ''),
(1926, 1900026, 'IT 110', '2.1', 1, ''),
(1927, 1900026, 'IT 111', '2.2', 1, ''),
(1928, 1900026, 'IT 111 L', '2.0', 1, ''),
(1929, 1900026, 'IT 112', '2.4', 1, ''),
(1930, 1900026, 'IT 112 L', '2.1', 1, ''),
(1931, 1900026, 'IT 113', '2.1', 1, ''),
(1932, 1900026, 'IT 126', '', 2, ''),
(1933, 1900026, 'IT 125 L', '', 2, ''),
(1934, 1900026, 'IT 125', '', 2, ''),
(1935, 1900026, 'IT 124 L', '', 2, ''),
(1936, 1900026, 'IT 124', '', 2, ''),
(1937, 1900026, 'IT 127', '', 2, ''),
(1938, 1900026, 'IT 127 L', '', 2, ''),
(1939, 1900026, 'IT 128', '', 2, ''),
(1940, 1900026, 'IT 128 L', '', 2, ''),
(1941, 1900026, 'IT 129', '', 2, ''),
(1942, 1900026, 'IT 129 L', '', 2, ''),
(1943, 1900026, 'IT 123 L', '', 2, ''),
(1944, 1900026, 'IT 123', '', 2, ''),
(1945, 1900026, 'GE 108', '', 2, ''),
(1946, 1900026, 'GE 117', '', 2, ''),
(1947, 1900026, 'GE 126', '', 2, ''),
(1948, 1900026, 'IT 118', '', 2, ''),
(1949, 1900026, 'IT 118 L', '', 2, ''),
(1950, 1900026, 'IT 119', '', 2, ''),
(1951, 1900026, 'IT 119 L', '', 2, ''),
(1952, 1900026, 'IT 120', '', 2, ''),
(1953, 1900026, 'IT 120 L', '', 2, ''),
(1954, 1900026, 'IT 121', '', 2, ''),
(1955, 1900026, 'IT 121 L', '', 2, ''),
(1956, 1900026, 'IT 122', '', 2, ''),
(1957, 1900026, 'IT 122 L', '', 2, ''),
(1958, 1900026, 'IT 113 L', '2.3', 1, ''),
(1959, 1900026, 'IT 113', '1.0', 1, ''),
(1960, 1900026, 'IT 132 L', '', 2, ''),
(1961, 1900026, 'IT 132', '', 2, ''),
(1962, 1900026, 'IT 131', '', 2, ''),
(1963, 1900026, 'IT 130 L', '', 2, ''),
(1964, 1900026, 'IT 130', '', 2, ''),
(1965, 1900026, 'IT 134', '', 2, ''),
(1966, 1900027, 'GE 101', '1.8', 1, ''),
(1967, 1900027, 'GE 105', '2.7', 1, ''),
(1968, 1900027, 'NSTP 102', '2.4', 1, ''),
(1969, 1900027, 'PE 102', '2.1', 1, ''),
(1970, 1900027, 'IT 105', '2.7', 1, ''),
(1971, 1900027, 'IT 105 L', '2.8', 1, ''),
(1972, 1900027, 'IT 106', '2.1', 1, ''),
(1973, 1900027, 'IT 107', '2.1', 1, ''),
(1974, 1900027, 'IT 107 L', '2.1', 1, ''),
(1975, 1900027, 'IT 108', '2.1', 1, ''),
(1976, 1900027, 'IT 108 L', '2.1', 1, ''),
(1977, 1900027, 'GE 104', '2.7', 1, ''),
(1978, 1900027, 'GE 103', '2.8', 1, ''),
(1979, 1900027, 'GE 102', '2.4', 1, ''),
(1980, 1900027, 'GE 122', '1.0', 1, ''),
(1981, 1900027, 'NSTP 101', '1.8', 1, ''),
(1982, 1900027, 'PE 101', '1.9', 1, ''),
(1983, 1900027, 'IT 101', '2.4', 1, ''),
(1984, 1900027, 'IT 201 L', '', 2, ''),
(1985, 1900027, 'IT 102', '1.7', 1, ''),
(1986, 1900027, 'IT 103', '1.0', 1, ''),
(1987, 1900027, 'IT 103 L', '1.2', 1, ''),
(1988, 1900027, 'IT 104', '1.6', 1, ''),
(1989, 1900027, 'IT 114', '2.7', 1, ''),
(1990, 1900027, 'PE 104', '2.4', 1, ''),
(1991, 1900027, 'GE 125', '1.8', 1, ''),
(1992, 1900027, 'GE 106', '1.9', 1, ''),
(1993, 1900027, 'IT 114 L', '2.7', 1, ''),
(1994, 1900027, 'IT 115', '2.5', 1, ''),
(1995, 1900027, 'IT 116', '2.1', 1, ''),
(1996, 1900027, 'IT 116 L', '1.7', 1, ''),
(1997, 1900027, 'IT 117', '1.8', 1, ''),
(1998, 1900027, 'IT 117 L', '2.1', 1, ''),
(1999, 1900027, 'GE 107', '2.1', 1, ''),
(2000, 1900027, 'IT 113 L', '2.5', 1, ''),
(2001, 1900027, 'GE 113', '2.1', 1, ''),
(2002, 1900027, 'PE 103', '2.3', 1, ''),
(2003, 1900027, 'IT 109', '2.3', 1, ''),
(2004, 1900027, 'IT 109 L', '2.8', 1, ''),
(2005, 1900027, 'IT 110', '2.1', 1, ''),
(2006, 1900027, 'IT 111', '2.7', 1, ''),
(2007, 1900027, 'IT 111 L', '2.4', 1, ''),
(2008, 1900027, 'IT 112', '2.8', 1, ''),
(2009, 1900027, 'IT 112 L', '2.7', 1, ''),
(2010, 1900027, 'IT 113', '2.0', 1, ''),
(2011, 1900027, 'IT 126', '', 2, ''),
(2012, 1900027, 'IT 125 L', '', 2, ''),
(2013, 1900027, 'IT 125', '', 2, ''),
(2014, 1900027, 'IT 124 L', '', 2, ''),
(2015, 1900027, 'IT 124', '', 2, ''),
(2016, 1900027, 'IT 127', '', 2, ''),
(2017, 1900027, 'IT 127 L', '', 2, ''),
(2018, 1900027, 'IT 128', '', 2, ''),
(2019, 1900027, 'IT 128 L', '', 2, ''),
(2020, 1900027, 'IT 129', '', 2, ''),
(2021, 1900027, 'IT 129 L', '', 2, ''),
(2022, 1900027, 'IT 123 L', '', 2, ''),
(2023, 1900027, 'IT 123', '', 2, ''),
(2024, 1900027, 'GE 108', '', 2, '');
INSERT INTO `grades` (`id`, `student_id`, `sub_code`, `grade`, `grade_status`, `status`) VALUES
(2025, 1900027, 'GE 117', '', 2, ''),
(2026, 1900027, 'GE 126', '', 2, ''),
(2027, 1900027, 'IT 118', '', 2, ''),
(2028, 1900027, 'IT 118 L', '', 2, ''),
(2029, 1900027, 'IT 119', '2', 1, ''),
(2030, 1900027, 'IT 119 L', '', 2, ''),
(2031, 1900027, 'IT 120', '', 2, ''),
(2032, 1900027, 'IT 120 L', '', 2, ''),
(2033, 1900027, 'IT 121', '', 2, ''),
(2034, 1900027, 'IT 121 L', '', 2, ''),
(2035, 1900027, 'IT 122', '', 2, ''),
(2036, 1900027, 'IT 122 L', '', 2, ''),
(2037, 1900027, 'IT 113 L', '3.0', 1, ''),
(2038, 1900027, 'IT 113', '2.3', 1, ''),
(2039, 1900027, 'IT 132 L', '', 2, ''),
(2040, 1900027, 'IT 132', '', 2, ''),
(2041, 1900027, 'IT 131', '', 2, ''),
(2042, 1900027, 'IT 130 L', '', 2, ''),
(2043, 1900027, 'IT 130', '', 2, ''),
(2044, 1900027, 'IT 134', '', 2, ''),
(2045, 1900028, 'GE 101', '2.4', 1, ''),
(2046, 1900028, 'GE 105', '1.9', 1, ''),
(2047, 1900028, 'NSTP 102', '1.5', 1, ''),
(2048, 1900028, 'PE 102', '1.7', 1, ''),
(2049, 1900028, 'IT 105', '2.5', 1, ''),
(2050, 1900028, 'IT 105 L', '2.5', 1, ''),
(2051, 1900028, 'IT 106', '1.7', 1, ''),
(2052, 1900028, 'IT 107', '1.5', 1, ''),
(2053, 1900028, 'IT 107 L', '2.4', 1, ''),
(2054, 1900028, 'IT 108', '2.2', 1, ''),
(2055, 1900028, 'IT 108 L', '2.4', 1, ''),
(2056, 1900028, 'GE 104', '1.7', 1, ''),
(2057, 1900028, 'GE 103', '1.2', 1, ''),
(2058, 1900028, 'GE 102', '1.8', 1, ''),
(2059, 1900028, 'GE 122', '2.9', 1, ''),
(2060, 1900028, 'NSTP 101', '1.9', 1, ''),
(2061, 1900028, 'PE 101', '1.9', 1, ''),
(2062, 1900028, 'IT 101', '1.7', 1, ''),
(2063, 1900028, 'IT 201 L', '', 2, ''),
(2064, 1900028, 'IT 102', '1.9', 1, ''),
(2065, 1900028, 'IT 103', '2.9', 1, ''),
(2066, 1900028, 'IT 103 L', '1.9', 1, ''),
(2067, 1900028, 'IT 104', '1.8', 1, ''),
(2068, 1900028, 'IT 114', '2.5', 1, ''),
(2069, 1900028, 'PE 104', '2.8', 1, ''),
(2070, 1900028, 'GE 125', '2.5', 1, ''),
(2071, 1900028, 'GE 106', '2.5', 1, ''),
(2072, 1900028, 'IT 114 L', '2.1', 1, ''),
(2073, 1900028, 'IT 115', '2.1', 1, ''),
(2074, 1900028, 'IT 116', '2.1', 1, ''),
(2075, 1900028, 'IT 116 L', '2.2', 1, ''),
(2076, 1900028, 'IT 117', '2.2', 1, ''),
(2077, 1900028, 'IT 117 L', '2.5', 1, ''),
(2078, 1900028, 'GE 107', '2.9', 1, ''),
(2079, 1900028, 'IT 113 L', '1.9', 1, ''),
(2080, 1900028, 'GE 113', '1.8', 1, ''),
(2081, 1900028, 'PE 103', '2.1', 1, ''),
(2082, 1900028, 'IT 109', '2.5', 1, ''),
(2083, 1900028, 'IT 109 L', '1.8', 1, ''),
(2084, 1900028, 'IT 110', '1.6', 1, ''),
(2085, 1900028, 'IT 111', '1.9', 1, ''),
(2086, 1900028, 'IT 111 L', '2.1', 1, ''),
(2087, 1900028, 'IT 112', '1.9', 1, ''),
(2088, 1900028, 'IT 112 L', '1.8', 1, ''),
(2089, 1900028, 'IT 113', '1.9', 1, ''),
(2090, 1900028, 'IT 126', '', 2, ''),
(2091, 1900028, 'IT 125 L', '', 2, ''),
(2092, 1900028, 'IT 125', '', 2, ''),
(2093, 1900028, 'IT 124 L', '', 2, ''),
(2094, 1900028, 'IT 124', '', 2, ''),
(2095, 1900028, 'IT 127', '', 2, ''),
(2096, 1900028, 'IT 127 L', '', 2, ''),
(2097, 1900028, 'IT 128', '', 2, ''),
(2098, 1900028, 'IT 128 L', '', 2, ''),
(2099, 1900028, 'IT 129', '', 2, ''),
(2100, 1900028, 'IT 129 L', '', 2, ''),
(2101, 1900028, 'IT 123 L', '', 2, ''),
(2102, 1900028, 'IT 123', '', 2, ''),
(2103, 1900028, 'GE 108', '', 2, ''),
(2104, 1900028, 'GE 117', '', 2, ''),
(2105, 1900028, 'GE 126', '', 2, ''),
(2106, 1900028, 'IT 118', '', 2, ''),
(2107, 1900028, 'IT 118 L', '', 2, ''),
(2108, 1900028, 'IT 119', '', 2, ''),
(2109, 1900028, 'IT 119 L', '', 2, ''),
(2110, 1900028, 'IT 120', '', 2, ''),
(2111, 1900028, 'IT 120 L', '', 2, ''),
(2112, 1900028, 'IT 121', '', 2, ''),
(2113, 1900028, 'IT 121 L', '', 2, ''),
(2114, 1900028, 'IT 122', '', 2, ''),
(2115, 1900028, 'IT 122 L', '', 2, ''),
(2116, 1900028, 'IT 113 L', '1.7', 1, ''),
(2117, 1900028, 'IT 113', '2.5', 1, ''),
(2118, 1900028, 'IT 132 L', '', 2, ''),
(2119, 1900028, 'IT 132', '', 2, ''),
(2120, 1900028, 'IT 131', '', 2, ''),
(2121, 1900028, 'IT 130 L', '', 2, ''),
(2122, 1900028, 'IT 130', '', 2, ''),
(2123, 1900028, 'IT 134', '', 2, ''),
(2124, 1900029, 'GE 101', '2.6', 1, ''),
(2125, 1900029, 'GE 105', '2.1', 1, ''),
(2126, 1900029, 'NSTP 102', '1.8', 1, ''),
(2127, 1900029, 'PE 102', '1.7', 1, ''),
(2128, 1900029, 'IT 105', '2.1', 1, ''),
(2129, 1900029, 'IT 105 L', '2.3', 1, ''),
(2130, 1900029, 'IT 106', '2.0', 1, ''),
(2131, 1900029, 'IT 107', '1.9', 1, ''),
(2132, 1900029, 'IT 107 L', '2.4', 1, ''),
(2133, 1900029, 'IT 108', '2.4', 1, ''),
(2134, 1900029, 'IT 108 L', '2.0', 1, ''),
(2135, 1900029, 'GE 104', '1.7', 1, ''),
(2136, 1900029, 'GE 103', '1.9', 1, ''),
(2137, 1900029, 'GE 102', '1.7', 1, ''),
(2138, 1900029, 'GE 122', '2.1', 1, ''),
(2139, 1900029, 'NSTP 101', '2.4', 1, ''),
(2140, 1900029, 'PE 101', '2.2', 1, ''),
(2141, 1900029, 'IT 101', '1.5', 1, ''),
(2142, 1900029, 'IT 201 L', '', 2, ''),
(2143, 1900029, 'IT 102', '2.1', 1, ''),
(2144, 1900029, 'IT 103', '2.8', 1, ''),
(2145, 1900029, 'IT 103 L', '2.1', 1, ''),
(2146, 1900029, 'IT 104', '2.2', 1, ''),
(2147, 1900029, 'IT 114', '1.6', 1, ''),
(2148, 1900029, 'PE 104', '1.1', 1, ''),
(2149, 1900029, 'GE 125', '1.9', 1, ''),
(2150, 1900029, 'GE 106', '1.0', 1, ''),
(2151, 1900029, 'IT 114 L', '2.0', 1, ''),
(2152, 1900029, 'IT 115', '1.8', 1, ''),
(2153, 1900029, 'IT 116', '1.7', 1, ''),
(2154, 1900029, 'IT 116 L', '1.8', 1, ''),
(2155, 1900029, 'IT 117', '1.8', 1, ''),
(2156, 1900029, 'IT 117 L', '1.9', 1, ''),
(2157, 1900029, 'GE 107', '1.8', 1, ''),
(2158, 1900029, 'IT 113 L', '2.5', 1, ''),
(2159, 1900029, 'GE 113', '2.0', 1, ''),
(2160, 1900029, 'PE 103', '2.9', 1, ''),
(2161, 1900029, 'IT 109', '2.1', 1, ''),
(2162, 1900029, 'IT 109 L', '2.0', 1, ''),
(2163, 1900029, 'IT 110', '2.3', 1, ''),
(2164, 1900029, 'IT 111', '1.9', 1, ''),
(2165, 1900029, 'IT 111 L', '2.6', 1, ''),
(2166, 1900029, 'IT 112', '2.7', 1, ''),
(2167, 1900029, 'IT 112 L', '2.1', 1, ''),
(2168, 1900029, 'IT 113', '2.1', 1, ''),
(2169, 1900029, 'IT 126', '', 2, ''),
(2170, 1900029, 'IT 125 L', '', 2, ''),
(2171, 1900029, 'IT 125', '', 2, ''),
(2172, 1900029, 'IT 124 L', '', 2, ''),
(2173, 1900029, 'IT 124', '', 2, ''),
(2174, 1900029, 'IT 127', '', 2, ''),
(2175, 1900029, 'IT 127 L', '', 2, ''),
(2176, 1900029, 'IT 128', '', 2, ''),
(2177, 1900029, 'IT 128 L', '', 2, ''),
(2178, 1900029, 'IT 129', '', 2, ''),
(2179, 1900029, 'IT 129 L', '', 2, ''),
(2180, 1900029, 'IT 123 L', '', 2, ''),
(2181, 1900029, 'IT 123', '', 2, ''),
(2182, 1900029, 'GE 108', '', 2, ''),
(2183, 1900029, 'GE 117', '', 2, ''),
(2184, 1900029, 'GE 126', '', 2, ''),
(2185, 1900029, 'IT 118', '', 2, ''),
(2186, 1900029, 'IT 118 L', '', 2, ''),
(2187, 1900029, 'IT 119', '', 2, ''),
(2188, 1900029, 'IT 119 L', '', 2, ''),
(2189, 1900029, 'IT 120', '', 2, ''),
(2190, 1900029, 'IT 120 L', '', 2, ''),
(2191, 1900029, 'IT 121', '', 2, ''),
(2192, 1900029, 'IT 121 L', '', 2, ''),
(2193, 1900029, 'IT 122', '', 2, ''),
(2194, 1900029, 'IT 122 L', '', 2, ''),
(2195, 1900029, 'IT 113 L', '2.2', 1, ''),
(2196, 1900029, 'IT 113', '1.8', 1, ''),
(2197, 1900029, 'IT 132 L', '', 2, ''),
(2198, 1900029, 'IT 132', '', 2, ''),
(2199, 1900029, 'IT 131', '', 2, ''),
(2200, 1900029, 'IT 130 L', '', 2, ''),
(2201, 1900029, 'IT 130', '', 2, ''),
(2202, 1900029, 'IT 134', '', 2, ''),
(2203, 1900030, 'GE 101', '1.5', 1, ''),
(2204, 1900030, 'GE 105', '1.2', 1, ''),
(2205, 1900030, 'NSTP 102', '1.8', 1, ''),
(2206, 1900030, 'PE 102', '1.1', 1, ''),
(2207, 1900030, 'IT 105', '1.8', 1, ''),
(2208, 1900030, 'IT 105 L', '1.7', 1, ''),
(2209, 1900030, 'IT 106', '1.3', 1, ''),
(2210, 1900030, 'IT 107', '1.9', 1, ''),
(2211, 1900030, 'IT 107 L', '1.6', 1, ''),
(2212, 1900030, 'IT 108', '1.6', 1, ''),
(2213, 1900030, 'IT 108 L', '1.8', 1, ''),
(2214, 1900030, 'GE 104', '1.5', 1, ''),
(2215, 1900030, 'GE 103', '1.1', 1, ''),
(2216, 1900030, 'GE 102', '1.9', 1, ''),
(2217, 1900030, 'GE 122', '1.1', 1, ''),
(2218, 1900030, 'NSTP 101', '1.9', 1, ''),
(2219, 1900030, 'PE 101', '1.9', 1, ''),
(2220, 1900030, 'IT 101', '1.5', 1, ''),
(2221, 1900030, 'IT 201 L', '', 2, ''),
(2222, 1900030, 'IT 102', '1.9', 1, ''),
(2223, 1900030, 'IT 103', '1.5', 1, ''),
(2224, 1900030, 'IT 103 L', '1.9', 1, ''),
(2225, 1900030, 'IT 104', '1.8', 1, ''),
(2226, 1900030, 'IT 114', '1.5', 1, ''),
(2227, 1900030, 'PE 104', '1.3', 1, ''),
(2228, 1900030, 'GE 125', '1.2', 1, ''),
(2229, 1900030, 'GE 106', '1.4', 1, ''),
(2230, 1900030, 'IT 114 L', '1.6', 1, ''),
(2231, 1900030, 'IT 115', '1.1', 1, ''),
(2232, 1900030, 'IT 116', '1.5', 1, ''),
(2233, 1900030, 'IT 116 L', '1.3', 1, ''),
(2234, 1900030, 'IT 117', '1.4', 1, ''),
(2235, 1900030, 'IT 117 L', '1.8', 1, ''),
(2236, 1900030, 'GE 107', '1.1', 1, ''),
(2237, 1900030, 'IT 113 L', '1.8', 1, ''),
(2238, 1900030, 'GE 113', '1.1', 1, ''),
(2239, 1900030, 'PE 103', '1.6', 1, ''),
(2240, 1900030, 'IT 109', '1.6', 1, ''),
(2241, 1900030, 'IT 109 L', '1.6', 1, ''),
(2242, 1900030, 'IT 110', '1.8', 1, ''),
(2243, 1900030, 'IT 111', '1.8', 1, ''),
(2244, 1900030, 'IT 111 L', '1.9', 1, ''),
(2245, 1900030, 'IT 112', '1.9', 1, ''),
(2246, 1900030, 'IT 112 L', '1.6', 1, ''),
(2247, 1900030, 'IT 113', '1.9', 1, ''),
(2248, 1900030, 'IT 126', '', 2, ''),
(2249, 1900030, 'IT 125 L', '', 2, ''),
(2250, 1900030, 'IT 125', '', 2, ''),
(2251, 1900030, 'IT 124 L', '', 2, ''),
(2252, 1900030, 'IT 124', '', 2, ''),
(2253, 1900030, 'IT 127', '', 2, ''),
(2254, 1900030, 'IT 127 L', '', 2, ''),
(2255, 1900030, 'IT 128', '', 2, ''),
(2256, 1900030, 'IT 128 L', '', 2, ''),
(2257, 1900030, 'IT 129', '', 2, ''),
(2258, 1900030, 'IT 129 L', '', 2, ''),
(2259, 1900030, 'IT 123 L', '', 2, ''),
(2260, 1900030, 'IT 123', '', 2, ''),
(2261, 1900030, 'GE 108', '', 2, ''),
(2262, 1900030, 'GE 117', '', 2, ''),
(2263, 1900030, 'GE 126', '', 2, ''),
(2264, 1900030, 'IT 118', '', 2, ''),
(2265, 1900030, 'IT 118 L', '', 2, ''),
(2266, 1900030, 'IT 119', '', 2, ''),
(2267, 1900030, 'IT 119 L', '', 2, ''),
(2268, 1900030, 'IT 120', '', 2, ''),
(2269, 1900030, 'IT 120 L', '', 2, ''),
(2270, 1900030, 'IT 121', '', 2, ''),
(2271, 1900030, 'IT 121 L', '', 2, ''),
(2272, 1900030, 'IT 122', '', 2, ''),
(2273, 1900030, 'IT 122 L', '', 2, ''),
(2274, 1900030, 'IT 113 L', '1.8', 1, ''),
(2275, 1900030, 'IT 113', '1.1', 1, ''),
(2276, 1900030, 'IT 132 L', '', 2, ''),
(2277, 1900030, 'IT 132', '', 2, ''),
(2278, 1900030, 'IT 131', '', 2, ''),
(2279, 1900030, 'IT 130 L', '', 2, ''),
(2280, 1900030, 'IT 130', '', 2, ''),
(2281, 1900030, 'IT 134', '', 2, ''),
(2282, 1900031, 'GE 101', '1.8', 1, ''),
(2283, 1900031, 'GE 105', '2.0', 1, ''),
(2284, 1900031, 'NSTP 102', '1.7', 1, ''),
(2285, 1900031, 'PE 102', '1.7', 1, ''),
(2286, 1900031, 'IT 105', '2.1', 1, ''),
(2287, 1900031, 'IT 105 L', '2.2', 1, ''),
(2288, 1900031, 'IT 106', '1.9', 1, ''),
(2289, 1900031, 'IT 107', '1.5', 1, ''),
(2290, 1900031, 'IT 107 L', '1.7', 1, ''),
(2291, 1900031, 'IT 108', '2.3', 1, ''),
(2292, 1900031, 'IT 108 L', '2.1', 1, ''),
(2293, 1900031, 'GE 104', '1.8', 1, ''),
(2294, 1900031, 'GE 103', '1.5', 1, ''),
(2295, 1900031, 'GE 102', '1.9', 1, ''),
(2296, 1900031, 'GE 122', '1.0', 1, ''),
(2297, 1900031, 'NSTP 101', '1.7', 1, ''),
(2298, 1900031, 'PE 101', '1.9', 1, ''),
(2299, 1900031, 'IT 101', '1.8', 1, ''),
(2300, 1900031, 'IT 201 L', '', 2, ''),
(2301, 1900031, 'IT 102', '1.7', 1, ''),
(2302, 1900031, 'IT 103', '1.9', 1, ''),
(2303, 1900031, 'IT 103 L', '1.7', 1, ''),
(2304, 1900031, 'IT 104', '1.8', 1, ''),
(2305, 1900031, 'IT 114', '1.8', 1, ''),
(2306, 1900031, 'PE 104', '1.0', 1, ''),
(2307, 1900031, 'GE 125', '1.2', 1, ''),
(2308, 1900031, 'GE 106', '1.1', 1, ''),
(2309, 1900031, 'IT 114 L', '1.8', 1, ''),
(2310, 1900031, 'IT 115', '1.5', 1, ''),
(2311, 1900031, 'IT 116', '1.5', 1, ''),
(2312, 1900031, 'IT 116 L', '1.8', 1, ''),
(2313, 1900031, 'IT 117', '1.3', 1, ''),
(2314, 1900031, 'IT 117 L', '1.1', 1, ''),
(2315, 1900031, 'GE 107', '1.1', 1, ''),
(2316, 1900031, 'IT 113 L', '1.9', 1, ''),
(2317, 1900031, 'GE 113', '1.8', 1, ''),
(2318, 1900031, 'PE 103', '1.8', 1, ''),
(2319, 1900031, 'IT 109', '1.5', 1, ''),
(2320, 1900031, 'IT 109 L', 'INC', 1, ''),
(2321, 1900031, 'IT 110', '1.7', 1, ''),
(2322, 1900031, 'IT 111', '1.6', 1, ''),
(2323, 1900031, 'IT 111 L', '1.5', 1, ''),
(2324, 1900031, 'IT 112', '1.7', 1, ''),
(2325, 1900031, 'IT 112 L', '1.9', 1, ''),
(2326, 1900031, 'IT 113', '1.4', 1, ''),
(2327, 1900031, 'IT 126', '2.5', 1, ''),
(2328, 1900031, 'IT 125 L', '2.1', 1, ''),
(2329, 1900031, 'IT 125', '1.8', 1, ''),
(2330, 1900031, 'IT 124 L', '1.8', 1, ''),
(2331, 1900031, 'IT 124', '2.1', 1, ''),
(2332, 1900031, 'IT 127', '2.4', 1, ''),
(2333, 1900031, 'IT 127 L', '2.5', 1, ''),
(2334, 1900031, 'IT 128', '1.7', 1, ''),
(2335, 1900031, 'IT 128 L', '1.0', 1, ''),
(2336, 1900031, 'IT 129', '2.0', 1, ''),
(2337, 1900031, 'IT 129 L', '', 2, ''),
(2338, 1900031, 'IT 123 L', '2.4', 1, ''),
(2339, 1900031, 'IT 123', '1.7', 1, ''),
(2340, 1900031, 'GE 108', '2.1', 1, ''),
(2341, 1900031, 'GE 117', '2.3', 1, ''),
(2342, 1900031, 'GE 126', '2.2', 1, ''),
(2343, 1900031, 'IT 118', '1.9', 1, ''),
(2344, 1900031, 'IT 118 L', '1.9', 1, ''),
(2345, 1900031, 'IT 119', '1.8', 1, ''),
(2346, 1900031, 'IT 119 L', '2.1', 1, ''),
(2347, 1900031, 'IT 120', '2.2', 1, ''),
(2348, 1900031, 'IT 120 L', '1.7', 1, ''),
(2349, 1900031, 'IT 121', '1.5', 1, ''),
(2350, 1900031, 'IT 121 L', '1.0', 1, ''),
(2351, 1900031, 'IT 122', '2.5', 1, ''),
(2352, 1900031, 'IT 122 L', '1.9', 1, ''),
(2353, 1900031, 'IT 113 L', '1.4', 1, ''),
(2354, 1900031, 'IT 113', '1.9', 1, ''),
(2355, 1900031, 'IT 132 L', '', 2, ''),
(2356, 1900031, 'IT 132', '', 2, ''),
(2357, 1900031, 'IT 131', '', 2, ''),
(2358, 1900031, 'IT 130 L', '', 2, ''),
(2359, 1900031, 'IT 130', '', 2, ''),
(2360, 1900031, 'IT 134', '', 2, ''),
(2361, 1900032, 'GE 101', '1.9', 1, ''),
(2362, 1900032, 'GE 105', '2.0', 1, ''),
(2363, 1900032, 'NSTP 102', '1.0', 1, ''),
(2364, 1900032, 'PE 102', '1.5', 1, ''),
(2365, 1900032, 'IT 105', '2.7', 1, ''),
(2366, 1900032, 'IT 105 L', '2.0', 1, ''),
(2367, 1900032, 'IT 106', '2.0', 1, ''),
(2368, 1900032, 'IT 107', '1.8', 1, ''),
(2369, 1900032, 'IT 107 L', '2.7', 1, ''),
(2370, 1900032, 'IT 108', '2.2', 1, ''),
(2371, 1900032, 'IT 108 L', '2.1', 1, ''),
(2372, 1900032, 'GE 104', '2.0', 1, ''),
(2373, 1900032, 'GE 103', '1.7', 1, ''),
(2374, 1900032, 'GE 102', '1.6', 1, ''),
(2375, 1900032, 'GE 122', '1.6', 1, ''),
(2376, 1900032, 'NSTP 101', '1.6', 1, ''),
(2377, 1900032, 'PE 101', '1.8', 1, ''),
(2378, 1900032, 'IT 101', '1.5', 1, ''),
(2379, 1900032, 'IT 201 L', '', 2, ''),
(2380, 1900032, 'IT 102', '1.7', 1, ''),
(2381, 1900032, 'IT 103', '1.8', 1, ''),
(2382, 1900032, 'IT 103 L', '1.9', 1, ''),
(2383, 1900032, 'IT 104', '1.7', 1, ''),
(2384, 1900032, 'IT 114', '1.8', 1, ''),
(2385, 1900032, 'PE 104', '1.7', 1, ''),
(2386, 1900032, 'GE 125', '2.4', 1, ''),
(2387, 1900032, 'GE 106', '2.4', 1, ''),
(2388, 1900032, 'IT 114 L', '1.6', 1, ''),
(2389, 1900032, 'IT 115', '1.7', 1, ''),
(2390, 1900032, 'IT 116', '1.7', 1, ''),
(2391, 1900032, 'IT 116 L', '2.1', 1, ''),
(2392, 1900032, 'IT 117', '2.1', 1, ''),
(2393, 1900032, 'IT 117 L', '1.7', 1, ''),
(2394, 1900032, 'GE 107', '1.1', 1, ''),
(2395, 1900032, 'IT 113 L', '1.7', 1, ''),
(2396, 1900032, 'GE 113', '1.7', 1, ''),
(2397, 1900032, 'PE 103', '2.1', 1, ''),
(2398, 1900032, 'IT 109', '2.1', 1, ''),
(2399, 1900032, 'IT 109 L', '1.9', 1, ''),
(2400, 1900032, 'IT 110', '1.8', 1, ''),
(2401, 1900032, 'IT 111', '1.0', 1, ''),
(2402, 1900032, 'IT 111 L', '2.5', 1, ''),
(2403, 1900032, 'IT 112', '2.5', 1, ''),
(2404, 1900032, 'IT 112 L', '1.8', 1, ''),
(2405, 1900032, 'IT 113', '1.9', 1, ''),
(2406, 1900032, 'IT 126', '2.1', 1, ''),
(2407, 1900032, 'IT 125 L', '1.4', 1, ''),
(2408, 1900032, 'IT 125', '1.7', 1, ''),
(2409, 1900032, 'IT 124 L', '1.7', 1, ''),
(2410, 1900032, 'IT 124', '2.0', 1, ''),
(2411, 1900032, 'IT 127', '1.8', 1, ''),
(2412, 1900032, 'IT 127 L', '1.5', 1, ''),
(2413, 1900032, 'IT 128', '1.8', 1, ''),
(2414, 1900032, 'IT 128 L', '1.5', 1, ''),
(2415, 1900032, 'IT 129', '1.9', 1, ''),
(2416, 1900032, 'IT 129 L', '', 2, ''),
(2417, 1900032, 'IT 123 L', '1.7', 1, ''),
(2418, 1900032, 'IT 123', '1.9', 1, ''),
(2419, 1900032, 'GE 108', '1.5', 1, ''),
(2420, 1900032, 'GE 117', '2.4', 1, ''),
(2421, 1900032, 'GE 126', '2.1', 1, ''),
(2422, 1900032, 'IT 118', '1.9', 1, ''),
(2423, 1900032, 'IT 118 L', '2.6', 1, ''),
(2424, 1900032, 'IT 119', '2.5', 1, ''),
(2425, 1900032, 'IT 119 L', '2.2', 1, ''),
(2426, 1900032, 'IT 120', '1.9', 1, ''),
(2427, 1900032, 'IT 120 L', '1.8', 1, ''),
(2428, 1900032, 'IT 121', '2.1', 1, ''),
(2429, 1900032, 'IT 121 L', '1.9', 1, ''),
(2430, 1900032, 'IT 122', '2.2', 1, ''),
(2431, 1900032, 'IT 122 L', '1.7', 1, ''),
(2432, 1900032, 'IT 113 L', '1.6', 1, ''),
(2433, 1900032, 'IT 113', '2.7', 1, ''),
(2434, 1900032, 'IT 132 L', '', 2, ''),
(2435, 1900032, 'IT 132', '', 2, ''),
(2436, 1900032, 'IT 131', '', 2, ''),
(2437, 1900032, 'IT 130 L', '', 2, ''),
(2438, 1900032, 'IT 130', '', 2, ''),
(2439, 1900032, 'IT 134', '', 2, ''),
(2440, 1900033, 'GE 101', '1.6', 1, ''),
(2441, 1900033, 'GE 105', '1.6', 1, ''),
(2442, 1900033, 'NSTP 102', '2.1', 1, ''),
(2443, 1900033, 'PE 102', '2.1', 1, ''),
(2444, 1900033, 'IT 105', '2.4', 1, ''),
(2445, 1900033, 'IT 105 L', '2.1', 1, ''),
(2446, 1900033, 'IT 106', '1.8', 1, ''),
(2447, 1900033, 'IT 107', '2.7', 1, ''),
(2448, 1900033, 'IT 107 L', '20', 1, ''),
(2449, 1900033, 'IT 108', '2.8', 1, ''),
(2450, 1900033, 'IT 108 L', '1.9', 1, ''),
(2451, 1900033, 'GE 104', '2.7', 1, ''),
(2452, 1900033, 'GE 103', '2.8', 1, ''),
(2453, 1900033, 'GE 102', '1.0', 1, ''),
(2454, 1900033, 'GE 122', '1.9', 1, ''),
(2455, 1900033, 'NSTP 101', '1.7', 1, ''),
(2456, 1900033, 'PE 101', '1.7', 1, ''),
(2457, 1900033, 'IT 101', '1.7', 1, ''),
(2458, 1900033, 'IT 201 L', '', 2, ''),
(2459, 1900033, 'IT 102', '1.8', 1, ''),
(2460, 1900033, 'IT 103', '1.6', 1, ''),
(2461, 1900033, 'IT 103 L', '1.9', 1, ''),
(2462, 1900033, 'IT 104', '1.8', 1, ''),
(2463, 1900033, 'IT 114', '2.9', 1, ''),
(2464, 1900033, 'PE 104', '1.8', 1, ''),
(2465, 1900033, 'GE 125', '1.9', 1, ''),
(2466, 1900033, 'GE 106', '2.7', 1, ''),
(2467, 1900033, 'IT 114 L', '2.5', 1, ''),
(2468, 1900033, 'IT 115', '1.6', 1, ''),
(2469, 1900033, 'IT 116', '1.6', 1, ''),
(2470, 1900033, 'IT 116 L', '1.9', 1, ''),
(2471, 1900033, 'IT 117', '2.1', 1, ''),
(2472, 1900033, 'IT 117 L', '2.1', 1, ''),
(2473, 1900033, 'GE 107', '1.7', 1, ''),
(2474, 1900033, 'IT 113 L', '2.8', 1, ''),
(2475, 1900033, 'GE 113', '2.8', 1, ''),
(2476, 1900033, 'PE 103', '2.5', 1, ''),
(2477, 1900033, 'IT 109', '2.1', 1, ''),
(2478, 1900033, 'IT 109 L', '2. 1', 1, ''),
(2479, 1900033, 'IT 110', '2.6', 1, ''),
(2480, 1900033, 'IT 111', '2.6', 1, ''),
(2481, 1900033, 'IT 111 L', '2.1', 1, ''),
(2482, 1900033, 'IT 112', '2.0', 1, ''),
(2483, 1900033, 'IT 112 L', '2.5', 1, ''),
(2484, 1900033, 'IT 113', '2.8', 1, ''),
(2485, 1900033, 'IT 126', '1.7', 1, ''),
(2486, 1900033, 'IT 125 L', '2.1', 1, ''),
(2487, 1900033, 'IT 125', '2.1', 1, ''),
(2488, 1900033, 'IT 124 L', '2.3', 1, ''),
(2489, 1900033, 'IT 124', '1.8', 1, ''),
(2490, 1900033, 'IT 127', '1.9', 1, ''),
(2491, 1900033, 'IT 127 L', '1.9', 1, ''),
(2492, 1900033, 'IT 128', '2.2', 1, ''),
(2493, 1900033, 'IT 128 L', '2.1', 1, ''),
(2494, 1900033, 'IT 129', '1.6', 1, ''),
(2495, 1900033, 'IT 129 L', '', 2, ''),
(2496, 1900033, 'IT 123 L', '2.7', 1, ''),
(2497, 1900033, 'IT 123', '2.2', 1, ''),
(2498, 1900033, 'GE 108', '2.0', 1, ''),
(2499, 1900033, 'GE 117', '1.7', 1, ''),
(2500, 1900033, 'GE 126', '2.9', 1, ''),
(2501, 1900033, 'IT 118', '2.2', 1, ''),
(2502, 1900033, 'IT 118 L', '2.1', 1, ''),
(2503, 1900033, 'IT 119', '2.5', 1, ''),
(2504, 1900033, 'IT 119 L', '1.5', 1, ''),
(2505, 1900033, 'IT 120', '2.1', 1, ''),
(2506, 1900033, 'IT 120 L', '2.2', 1, ''),
(2507, 1900033, 'IT 121', '2.5', 1, ''),
(2508, 1900033, 'IT 121 L', '1.9', 1, ''),
(2509, 1900033, 'IT 122', '2.6', 1, ''),
(2510, 1900033, 'IT 122 L', '2.0', 1, ''),
(2511, 1900033, 'IT 113 L', '2.0', 1, ''),
(2512, 1900033, 'IT 113', '2.7', 1, ''),
(2513, 1900033, 'IT 132 L', '', 2, ''),
(2514, 1900033, 'IT 132', '', 2, ''),
(2515, 1900033, 'IT 131', '', 2, ''),
(2516, 1900033, 'IT 130 L', '', 2, ''),
(2517, 1900033, 'IT 130', '', 2, ''),
(2518, 1900033, 'IT 134', '', 2, ''),
(2519, 1900034, 'GE 101', '', 2, ''),
(2520, 1900034, 'GE 105', '', 2, ''),
(2521, 1900034, 'NSTP 102', '', 2, ''),
(2522, 1900034, 'PE 102', '', 2, ''),
(2523, 1900034, 'IT 105', '', 2, ''),
(2524, 1900034, 'IT 105 L', '', 2, ''),
(2525, 1900034, 'IT 106', '', 2, ''),
(2526, 1900034, 'IT 107', '', 2, ''),
(2527, 1900034, 'IT 107 L', '', 2, ''),
(2528, 1900034, 'IT 108', '', 2, ''),
(2529, 1900034, 'IT 108 L', '', 2, ''),
(2530, 1900034, 'GE 104', '', 2, ''),
(2531, 1900034, 'GE 103', '', 2, ''),
(2532, 1900034, 'GE 102', '', 2, ''),
(2533, 1900034, 'GE 122', '', 2, ''),
(2534, 1900034, 'NSTP 101', '', 2, ''),
(2535, 1900034, 'PE 101', '', 2, ''),
(2536, 1900034, 'IT 101', '', 2, ''),
(2537, 1900034, 'IT 201 L', '', 2, ''),
(2538, 1900034, 'IT 102', '', 2, ''),
(2539, 1900034, 'IT 103', '', 2, ''),
(2540, 1900034, 'IT 103 L', '', 2, ''),
(2541, 1900034, 'IT 104', '', 2, ''),
(2542, 1900034, 'IT 114', '', 2, ''),
(2543, 1900034, 'PE 104', '', 2, ''),
(2544, 1900034, 'GE 125', '', 2, ''),
(2545, 1900034, 'GE 106', '', 2, ''),
(2546, 1900034, 'IT 114 L', '', 2, ''),
(2547, 1900034, 'IT 115', '', 2, ''),
(2548, 1900034, 'IT 116', '', 2, ''),
(2549, 1900034, 'IT 116 L', '', 2, ''),
(2550, 1900034, 'IT 117', '', 2, ''),
(2551, 1900034, 'IT 117 L', '', 2, ''),
(2552, 1900034, 'GE 107', '', 2, ''),
(2553, 1900034, 'IT 113 L', '', 2, ''),
(2554, 1900034, 'GE 113', '', 2, ''),
(2555, 1900034, 'PE 103', '', 2, ''),
(2556, 1900034, 'IT 109', '', 2, ''),
(2557, 1900034, 'IT 109 L', '', 2, ''),
(2558, 1900034, 'IT 110', '', 2, ''),
(2559, 1900034, 'IT 111', '', 2, ''),
(2560, 1900034, 'IT 111 L', '', 2, ''),
(2561, 1900034, 'IT 112', '', 2, ''),
(2562, 1900034, 'IT 112 L', '', 2, ''),
(2563, 1900034, 'IT 113', '', 2, ''),
(2564, 1900034, 'IT 126', '', 2, ''),
(2565, 1900034, 'IT 125 L', '', 2, ''),
(2566, 1900034, 'IT 125', '', 2, ''),
(2567, 1900034, 'IT 124 L', '', 2, ''),
(2568, 1900034, 'IT 124', '', 2, ''),
(2569, 1900034, 'IT 127', '', 2, ''),
(2570, 1900034, 'IT 127 L', '', 2, ''),
(2571, 1900034, 'IT 128', '', 2, ''),
(2572, 1900034, 'IT 128 L', '', 2, ''),
(2573, 1900034, 'IT 129', '', 2, ''),
(2574, 1900034, 'IT 129 L', '', 2, ''),
(2575, 1900034, 'IT 123 L', '', 2, ''),
(2576, 1900034, 'IT 123', '', 2, ''),
(2577, 1900034, 'GE 108', '', 2, ''),
(2578, 1900034, 'GE 117', '', 2, ''),
(2579, 1900034, 'GE 126', '', 2, ''),
(2580, 1900034, 'IT 118', '', 2, ''),
(2581, 1900034, 'IT 118 L', '', 2, ''),
(2582, 1900034, 'IT 119', '', 2, ''),
(2583, 1900034, 'IT 119 L', '', 2, ''),
(2584, 1900034, 'IT 120', '', 2, ''),
(2585, 1900034, 'IT 120 L', '', 2, ''),
(2586, 1900034, 'IT 121', '', 2, ''),
(2587, 1900034, 'IT 121 L', '', 2, ''),
(2588, 1900034, 'IT 122', '', 2, ''),
(2589, 1900034, 'IT 122 L', '', 2, ''),
(2590, 1900034, 'IT 113 L', '', 2, ''),
(2591, 1900034, 'IT 113', '', 2, ''),
(2592, 1900034, 'IT 132 L', '', 2, ''),
(2593, 1900034, 'IT 132', '', 2, ''),
(2594, 1900034, 'IT 131', '', 2, ''),
(2595, 1900034, 'IT 130 L', '', 2, ''),
(2596, 1900034, 'IT 130', '', 2, ''),
(2597, 1900034, 'IT 134', '', 2, ''),
(2598, 1900035, 'GE 101', '', 2, ''),
(2599, 1900035, 'GE 105', '', 2, ''),
(2600, 1900035, 'NSTP 102', '', 2, ''),
(2601, 1900035, 'PE 102', '', 2, ''),
(2602, 1900035, 'IT 105', '', 2, ''),
(2603, 1900035, 'IT 105 L', '', 2, ''),
(2604, 1900035, 'IT 106', '', 2, ''),
(2605, 1900035, 'IT 107', '', 2, ''),
(2606, 1900035, 'IT 107 L', '', 2, ''),
(2607, 1900035, 'IT 108', '', 2, ''),
(2608, 1900035, 'IT 108 L', '', 2, ''),
(2609, 1900035, 'GE 104', '', 2, ''),
(2610, 1900035, 'GE 103', '', 2, ''),
(2611, 1900035, 'GE 102', '', 2, ''),
(2612, 1900035, 'GE 122', '', 2, ''),
(2613, 1900035, 'NSTP 101', '', 2, ''),
(2614, 1900035, 'PE 101', '', 2, ''),
(2615, 1900035, 'IT 101', '', 2, ''),
(2616, 1900035, 'IT 201 L', '', 2, ''),
(2617, 1900035, 'IT 102', '', 2, ''),
(2618, 1900035, 'IT 103', '', 2, ''),
(2619, 1900035, 'IT 103 L', '', 2, ''),
(2620, 1900035, 'IT 104', '', 2, ''),
(2621, 1900035, 'IT 114', '', 2, ''),
(2622, 1900035, 'PE 104', '', 2, ''),
(2623, 1900035, 'GE 125', '', 2, ''),
(2624, 1900035, 'GE 106', '', 2, ''),
(2625, 1900035, 'IT 114 L', '', 2, ''),
(2626, 1900035, 'IT 115', '', 2, ''),
(2627, 1900035, 'IT 116', '', 2, ''),
(2628, 1900035, 'IT 116 L', '', 2, ''),
(2629, 1900035, 'IT 117', '', 2, ''),
(2630, 1900035, 'IT 117 L', '', 2, ''),
(2631, 1900035, 'GE 107', '', 2, ''),
(2632, 1900035, 'IT 113 L', '', 2, ''),
(2633, 1900035, 'GE 113', '', 2, ''),
(2634, 1900035, 'PE 103', '', 2, ''),
(2635, 1900035, 'IT 109', '', 2, ''),
(2636, 1900035, 'IT 109 L', '', 2, ''),
(2637, 1900035, 'IT 110', '', 2, ''),
(2638, 1900035, 'IT 111', '', 2, ''),
(2639, 1900035, 'IT 111 L', '', 2, ''),
(2640, 1900035, 'IT 112', '', 2, ''),
(2641, 1900035, 'IT 112 L', '', 2, ''),
(2642, 1900035, 'IT 113', '', 2, ''),
(2643, 1900035, 'IT 126', '', 2, ''),
(2644, 1900035, 'IT 125 L', '', 2, ''),
(2645, 1900035, 'IT 125', '', 2, ''),
(2646, 1900035, 'IT 124 L', '', 2, ''),
(2647, 1900035, 'IT 124', '', 2, ''),
(2648, 1900035, 'IT 127', '', 2, ''),
(2649, 1900035, 'IT 127 L', '', 2, ''),
(2650, 1900035, 'IT 128', '', 2, ''),
(2651, 1900035, 'IT 128 L', '', 2, ''),
(2652, 1900035, 'IT 129', '', 2, ''),
(2653, 1900035, 'IT 129 L', '', 2, ''),
(2654, 1900035, 'IT 123 L', '', 2, ''),
(2655, 1900035, 'IT 123', '', 2, ''),
(2656, 1900035, 'GE 108', '', 2, ''),
(2657, 1900035, 'GE 117', '', 2, ''),
(2658, 1900035, 'GE 126', '', 2, ''),
(2659, 1900035, 'IT 118', '', 2, ''),
(2660, 1900035, 'IT 118 L', '', 2, ''),
(2661, 1900035, 'IT 119', '', 2, ''),
(2662, 1900035, 'IT 119 L', '', 2, ''),
(2663, 1900035, 'IT 120', '', 2, ''),
(2664, 1900035, 'IT 120 L', '', 2, ''),
(2665, 1900035, 'IT 121', '', 2, ''),
(2666, 1900035, 'IT 121 L', '', 2, ''),
(2667, 1900035, 'IT 122', '', 2, ''),
(2668, 1900035, 'IT 122 L', '', 2, ''),
(2669, 1900035, 'IT 113 L', '', 2, ''),
(2670, 1900035, 'IT 113', '', 2, ''),
(2671, 1900035, 'IT 132 L', '', 2, ''),
(2672, 1900035, 'IT 132', '', 2, ''),
(2673, 1900035, 'IT 131', '', 2, ''),
(2674, 1900035, 'IT 130 L', '', 2, ''),
(2675, 1900035, 'IT 130', '', 2, ''),
(2676, 1900035, 'IT 134', '', 2, ''),
(2677, 1900036, 'GE 101', '', 2, ''),
(2678, 1900036, 'GE 105', '', 2, ''),
(2679, 1900036, 'NSTP 102', '', 2, ''),
(2680, 1900036, 'PE 102', '', 2, ''),
(2681, 1900036, 'IT 105', '', 2, ''),
(2682, 1900036, 'IT 105 L', '', 2, ''),
(2683, 1900036, 'IT 106', '', 2, ''),
(2684, 1900036, 'IT 107', '', 2, ''),
(2685, 1900036, 'IT 107 L', '', 2, ''),
(2686, 1900036, 'IT 108', '', 2, ''),
(2687, 1900036, 'IT 108 L', '', 2, ''),
(2688, 1900036, 'GE 104', '', 2, ''),
(2689, 1900036, 'GE 103', '', 2, ''),
(2690, 1900036, 'GE 102', '', 2, ''),
(2691, 1900036, 'GE 122', '', 2, ''),
(2692, 1900036, 'NSTP 101', '', 2, ''),
(2693, 1900036, 'PE 101', '', 2, ''),
(2694, 1900036, 'IT 101', '', 2, ''),
(2695, 1900036, 'IT 201 L', '', 2, ''),
(2696, 1900036, 'IT 102', '', 2, ''),
(2697, 1900036, 'IT 103', '', 2, ''),
(2698, 1900036, 'IT 103 L', '', 2, ''),
(2699, 1900036, 'IT 104', '', 2, ''),
(2700, 1900036, 'IT 114', '', 2, ''),
(2701, 1900036, 'PE 104', '', 2, ''),
(2702, 1900036, 'GE 125', '', 2, ''),
(2703, 1900036, 'GE 106', '', 2, ''),
(2704, 1900036, 'IT 114 L', '', 2, ''),
(2705, 1900036, 'IT 115', '', 2, ''),
(2706, 1900036, 'IT 116', '', 2, ''),
(2707, 1900036, 'IT 116 L', '', 2, ''),
(2708, 1900036, 'IT 117', '', 2, ''),
(2709, 1900036, 'IT 117 L', '', 2, ''),
(2710, 1900036, 'GE 107', '', 2, ''),
(2711, 1900036, 'IT 113 L', '', 2, ''),
(2712, 1900036, 'GE 113', '', 2, ''),
(2713, 1900036, 'PE 103', '', 2, ''),
(2714, 1900036, 'IT 109', '', 2, ''),
(2715, 1900036, 'IT 109 L', '', 2, ''),
(2716, 1900036, 'IT 110', '', 2, ''),
(2717, 1900036, 'IT 111', '', 2, ''),
(2718, 1900036, 'IT 111 L', '', 2, ''),
(2719, 1900036, 'IT 112', '', 2, ''),
(2720, 1900036, 'IT 112 L', '', 2, ''),
(2721, 1900036, 'IT 113', '', 2, ''),
(2722, 1900036, 'IT 126', '', 2, ''),
(2723, 1900036, 'IT 125 L', '', 2, ''),
(2724, 1900036, 'IT 125', '', 2, ''),
(2725, 1900036, 'IT 124 L', '', 2, ''),
(2726, 1900036, 'IT 124', '', 2, ''),
(2727, 1900036, 'IT 127', '', 2, ''),
(2728, 1900036, 'IT 127 L', '', 2, ''),
(2729, 1900036, 'IT 128', '', 2, ''),
(2730, 1900036, 'IT 128 L', '', 2, ''),
(2731, 1900036, 'IT 129', '', 2, ''),
(2732, 1900036, 'IT 129 L', '', 2, ''),
(2733, 1900036, 'IT 123 L', '', 2, ''),
(2734, 1900036, 'IT 123', '', 2, ''),
(2735, 1900036, 'GE 108', '', 2, ''),
(2736, 1900036, 'GE 117', '', 2, ''),
(2737, 1900036, 'GE 126', '', 2, ''),
(2738, 1900036, 'IT 118', '', 2, ''),
(2739, 1900036, 'IT 118 L', '', 2, ''),
(2740, 1900036, 'IT 119', '', 2, ''),
(2741, 1900036, 'IT 119 L', '', 2, ''),
(2742, 1900036, 'IT 120', '', 2, ''),
(2743, 1900036, 'IT 120 L', '', 2, ''),
(2744, 1900036, 'IT 121', '', 2, ''),
(2745, 1900036, 'IT 121 L', '', 2, ''),
(2746, 1900036, 'IT 122', '', 2, ''),
(2747, 1900036, 'IT 122 L', '', 2, ''),
(2748, 1900036, 'IT 113 L', '', 2, ''),
(2749, 1900036, 'IT 113', '', 2, ''),
(2750, 1900036, 'IT 132 L', '', 2, ''),
(2751, 1900036, 'IT 132', '', 2, ''),
(2752, 1900036, 'IT 131', '', 2, ''),
(2753, 1900036, 'IT 130 L', '', 2, ''),
(2754, 1900036, 'IT 130', '', 2, ''),
(2755, 1900036, 'IT 134', '', 2, ''),
(2756, 1900037, 'GE 101', '', 2, ''),
(2757, 1900037, 'GE 105', '', 2, ''),
(2758, 1900037, 'NSTP 102', '', 2, ''),
(2759, 1900037, 'PE 102', '', 2, ''),
(2760, 1900037, 'IT 105', '', 2, ''),
(2761, 1900037, 'IT 105 L', '', 2, ''),
(2762, 1900037, 'IT 106', '', 2, ''),
(2763, 1900037, 'IT 107', '', 2, ''),
(2764, 1900037, 'IT 107 L', '', 2, ''),
(2765, 1900037, 'IT 108', '', 2, ''),
(2766, 1900037, 'IT 108 L', '', 2, ''),
(2767, 1900037, 'GE 104', '', 2, ''),
(2768, 1900037, 'GE 103', '', 2, ''),
(2769, 1900037, 'GE 102', '', 2, ''),
(2770, 1900037, 'GE 122', '', 2, ''),
(2771, 1900037, 'NSTP 101', '', 2, ''),
(2772, 1900037, 'PE 101', '', 2, ''),
(2773, 1900037, 'IT 101', '', 2, ''),
(2774, 1900037, 'IT 201 L', '', 2, ''),
(2775, 1900037, 'IT 102', '', 2, ''),
(2776, 1900037, 'IT 103', '', 2, ''),
(2777, 1900037, 'IT 103 L', '', 2, ''),
(2778, 1900037, 'IT 104', '', 2, ''),
(2779, 1900037, 'IT 114', '', 2, ''),
(2780, 1900037, 'PE 104', '', 2, ''),
(2781, 1900037, 'GE 125', '', 2, ''),
(2782, 1900037, 'GE 106', '', 2, ''),
(2783, 1900037, 'IT 114 L', '', 2, ''),
(2784, 1900037, 'IT 115', '', 2, ''),
(2785, 1900037, 'IT 116', '', 2, ''),
(2786, 1900037, 'IT 116 L', '', 2, ''),
(2787, 1900037, 'IT 117', '', 2, ''),
(2788, 1900037, 'IT 117 L', '', 2, ''),
(2789, 1900037, 'GE 107', '', 2, ''),
(2790, 1900037, 'IT 113 L', '', 2, ''),
(2791, 1900037, 'GE 113', '', 2, ''),
(2792, 1900037, 'PE 103', '', 2, ''),
(2793, 1900037, 'IT 109', '', 2, ''),
(2794, 1900037, 'IT 109 L', '', 2, ''),
(2795, 1900037, 'IT 110', '', 2, ''),
(2796, 1900037, 'IT 111', '', 2, ''),
(2797, 1900037, 'IT 111 L', '', 2, ''),
(2798, 1900037, 'IT 112', '', 2, ''),
(2799, 1900037, 'IT 112 L', '', 2, ''),
(2800, 1900037, 'IT 113', '', 2, ''),
(2801, 1900037, 'IT 126', '', 2, ''),
(2802, 1900037, 'IT 125 L', '', 2, ''),
(2803, 1900037, 'IT 125', '', 2, ''),
(2804, 1900037, 'IT 124 L', '', 2, ''),
(2805, 1900037, 'IT 124', '', 2, ''),
(2806, 1900037, 'IT 127', '', 2, ''),
(2807, 1900037, 'IT 127 L', '', 2, ''),
(2808, 1900037, 'IT 128', '', 2, ''),
(2809, 1900037, 'IT 128 L', '', 2, ''),
(2810, 1900037, 'IT 129', '', 2, ''),
(2811, 1900037, 'IT 129 L', '', 2, ''),
(2812, 1900037, 'IT 123 L', '', 2, ''),
(2813, 1900037, 'IT 123', '', 2, ''),
(2814, 1900037, 'GE 108', '', 2, ''),
(2815, 1900037, 'GE 117', '', 2, ''),
(2816, 1900037, 'GE 126', '', 2, ''),
(2817, 1900037, 'IT 118', '', 2, ''),
(2818, 1900037, 'IT 118 L', '', 2, ''),
(2819, 1900037, 'IT 119', '', 2, ''),
(2820, 1900037, 'IT 119 L', '', 2, ''),
(2821, 1900037, 'IT 120', '', 2, ''),
(2822, 1900037, 'IT 120 L', '', 2, ''),
(2823, 1900037, 'IT 121', '', 2, ''),
(2824, 1900037, 'IT 121 L', '', 2, ''),
(2825, 1900037, 'IT 122', '', 2, ''),
(2826, 1900037, 'IT 122 L', '', 2, ''),
(2827, 1900037, 'IT 113 L', '', 2, ''),
(2828, 1900037, 'IT 113', '', 2, ''),
(2829, 1900037, 'IT 132 L', '', 2, ''),
(2830, 1900037, 'IT 132', '', 2, ''),
(2831, 1900037, 'IT 131', '', 2, ''),
(2832, 1900037, 'IT 130 L', '', 2, ''),
(2833, 1900037, 'IT 130', '', 2, ''),
(2834, 1900037, 'IT 134', '', 2, ''),
(2835, 1900038, 'GE 101', '', 2, ''),
(2836, 1900038, 'GE 105', '', 2, ''),
(2837, 1900038, 'NSTP 102', '', 2, ''),
(2838, 1900038, 'PE 102', '', 2, ''),
(2839, 1900038, 'IT 105', '', 2, ''),
(2840, 1900038, 'IT 105 L', '', 2, ''),
(2841, 1900038, 'IT 106', '', 2, ''),
(2842, 1900038, 'IT 107', '', 2, ''),
(2843, 1900038, 'IT 107 L', '', 2, ''),
(2844, 1900038, 'IT 108', '', 2, ''),
(2845, 1900038, 'IT 108 L', '', 2, ''),
(2846, 1900038, 'GE 104', '', 2, ''),
(2847, 1900038, 'GE 103', '', 2, ''),
(2848, 1900038, 'GE 102', '', 2, ''),
(2849, 1900038, 'GE 122', '', 2, ''),
(2850, 1900038, 'NSTP 101', '', 2, ''),
(2851, 1900038, 'PE 101', '', 2, ''),
(2852, 1900038, 'IT 101', '', 2, ''),
(2853, 1900038, 'IT 201 L', '', 2, ''),
(2854, 1900038, 'IT 102', '', 2, ''),
(2855, 1900038, 'IT 103', '', 2, ''),
(2856, 1900038, 'IT 103 L', '', 2, ''),
(2857, 1900038, 'IT 104', '', 2, ''),
(2858, 1900038, 'IT 114', '', 2, ''),
(2859, 1900038, 'PE 104', '', 2, ''),
(2860, 1900038, 'GE 125', '', 2, ''),
(2861, 1900038, 'GE 106', '', 2, ''),
(2862, 1900038, 'IT 114 L', '', 2, ''),
(2863, 1900038, 'IT 115', '', 2, ''),
(2864, 1900038, 'IT 116', '', 2, ''),
(2865, 1900038, 'IT 116 L', '', 2, ''),
(2866, 1900038, 'IT 117', '', 2, ''),
(2867, 1900038, 'IT 117 L', '', 2, ''),
(2868, 1900038, 'GE 107', '', 2, ''),
(2869, 1900038, 'IT 113 L', '', 2, ''),
(2870, 1900038, 'GE 113', '', 2, ''),
(2871, 1900038, 'PE 103', '', 2, ''),
(2872, 1900038, 'IT 109', '', 2, ''),
(2873, 1900038, 'IT 109 L', '', 2, ''),
(2874, 1900038, 'IT 110', '', 2, ''),
(2875, 1900038, 'IT 111', '', 2, ''),
(2876, 1900038, 'IT 111 L', '', 2, ''),
(2877, 1900038, 'IT 112', '', 2, ''),
(2878, 1900038, 'IT 112 L', '', 2, ''),
(2879, 1900038, 'IT 113', '', 2, ''),
(2880, 1900038, 'IT 126', '', 2, ''),
(2881, 1900038, 'IT 125 L', '', 2, ''),
(2882, 1900038, 'IT 125', '', 2, ''),
(2883, 1900038, 'IT 124 L', '', 2, ''),
(2884, 1900038, 'IT 124', '', 2, ''),
(2885, 1900038, 'IT 127', '', 2, ''),
(2886, 1900038, 'IT 127 L', '', 2, ''),
(2887, 1900038, 'IT 128', '', 2, ''),
(2888, 1900038, 'IT 128 L', '', 2, ''),
(2889, 1900038, 'IT 129', '', 2, ''),
(2890, 1900038, 'IT 129 L', '', 2, ''),
(2891, 1900038, 'IT 123 L', '', 2, ''),
(2892, 1900038, 'IT 123', '', 2, ''),
(2893, 1900038, 'GE 108', '', 2, ''),
(2894, 1900038, 'GE 117', '', 2, ''),
(2895, 1900038, 'GE 126', '', 2, ''),
(2896, 1900038, 'IT 118', '', 2, ''),
(2897, 1900038, 'IT 118 L', '', 2, ''),
(2898, 1900038, 'IT 119', '', 2, ''),
(2899, 1900038, 'IT 119 L', '', 2, ''),
(2900, 1900038, 'IT 120', '', 2, ''),
(2901, 1900038, 'IT 120 L', '', 2, ''),
(2902, 1900038, 'IT 121', '', 2, ''),
(2903, 1900038, 'IT 121 L', '', 2, ''),
(2904, 1900038, 'IT 122', '', 2, ''),
(2905, 1900038, 'IT 122 L', '', 2, ''),
(2906, 1900038, 'IT 113 L', '', 2, ''),
(2907, 1900038, 'IT 113', '', 2, ''),
(2908, 1900038, 'IT 132 L', '', 2, ''),
(2909, 1900038, 'IT 132', '', 2, ''),
(2910, 1900038, 'IT 131', '', 2, ''),
(2911, 1900038, 'IT 130 L', '', 2, ''),
(2912, 1900038, 'IT 130', '', 2, ''),
(2913, 1900038, 'IT 134', '', 2, ''),
(2914, 1900039, 'GE 101', '', 2, ''),
(2915, 1900039, 'GE 105', '', 2, ''),
(2916, 1900039, 'NSTP 102', '', 2, ''),
(2917, 1900039, 'PE 102', '', 2, ''),
(2918, 1900039, 'IT 105', '', 2, ''),
(2919, 1900039, 'IT 105 L', '', 2, ''),
(2920, 1900039, 'IT 106', '', 2, ''),
(2921, 1900039, 'IT 107', '', 2, ''),
(2922, 1900039, 'IT 107 L', '', 2, ''),
(2923, 1900039, 'IT 108', '', 2, ''),
(2924, 1900039, 'IT 108 L', '', 2, ''),
(2925, 1900039, 'GE 104', '', 2, ''),
(2926, 1900039, 'GE 103', '', 2, ''),
(2927, 1900039, 'GE 102', '', 2, ''),
(2928, 1900039, 'GE 122', '', 2, ''),
(2929, 1900039, 'NSTP 101', '', 2, ''),
(2930, 1900039, 'PE 101', '', 2, ''),
(2931, 1900039, 'IT 101', '', 2, ''),
(2932, 1900039, 'IT 201 L', '', 2, ''),
(2933, 1900039, 'IT 102', '', 2, ''),
(2934, 1900039, 'IT 103', '', 2, ''),
(2935, 1900039, 'IT 103 L', '', 2, ''),
(2936, 1900039, 'IT 104', '', 2, ''),
(2937, 1900039, 'IT 114', '', 2, ''),
(2938, 1900039, 'PE 104', '', 2, ''),
(2939, 1900039, 'GE 125', '', 2, ''),
(2940, 1900039, 'GE 106', '', 2, ''),
(2941, 1900039, 'IT 114 L', '', 2, ''),
(2942, 1900039, 'IT 115', '', 2, ''),
(2943, 1900039, 'IT 116', '', 2, ''),
(2944, 1900039, 'IT 116 L', '', 2, ''),
(2945, 1900039, 'IT 117', '', 2, ''),
(2946, 1900039, 'IT 117 L', '', 2, ''),
(2947, 1900039, 'GE 107', '', 2, ''),
(2948, 1900039, 'IT 113 L', '', 2, ''),
(2949, 1900039, 'GE 113', '', 2, ''),
(2950, 1900039, 'PE 103', '', 2, ''),
(2951, 1900039, 'IT 109', '', 2, ''),
(2952, 1900039, 'IT 109 L', '', 2, ''),
(2953, 1900039, 'IT 110', '', 2, ''),
(2954, 1900039, 'IT 111', '', 2, ''),
(2955, 1900039, 'IT 111 L', '', 2, ''),
(2956, 1900039, 'IT 112', '', 2, ''),
(2957, 1900039, 'IT 112 L', '', 2, ''),
(2958, 1900039, 'IT 113', '', 2, ''),
(2959, 1900039, 'IT 126', '', 2, ''),
(2960, 1900039, 'IT 125 L', '', 2, ''),
(2961, 1900039, 'IT 125', '', 2, ''),
(2962, 1900039, 'IT 124 L', '', 2, ''),
(2963, 1900039, 'IT 124', '', 2, ''),
(2964, 1900039, 'IT 127', '', 2, ''),
(2965, 1900039, 'IT 127 L', '', 2, ''),
(2966, 1900039, 'IT 128', '', 2, ''),
(2967, 1900039, 'IT 128 L', '', 2, ''),
(2968, 1900039, 'IT 129', '', 2, ''),
(2969, 1900039, 'IT 129 L', '', 2, ''),
(2970, 1900039, 'IT 123 L', '', 2, ''),
(2971, 1900039, 'IT 123', '', 2, ''),
(2972, 1900039, 'GE 108', '', 2, ''),
(2973, 1900039, 'GE 117', '', 2, ''),
(2974, 1900039, 'GE 126', '', 2, ''),
(2975, 1900039, 'IT 118', '', 2, ''),
(2976, 1900039, 'IT 118 L', '', 2, ''),
(2977, 1900039, 'IT 119', '', 2, ''),
(2978, 1900039, 'IT 119 L', '', 2, ''),
(2979, 1900039, 'IT 120', '', 2, ''),
(2980, 1900039, 'IT 120 L', '', 2, ''),
(2981, 1900039, 'IT 121', '', 2, ''),
(2982, 1900039, 'IT 121 L', '', 2, ''),
(2983, 1900039, 'IT 122', '', 2, ''),
(2984, 1900039, 'IT 122 L', '', 2, ''),
(2985, 1900039, 'IT 113 L', '', 2, ''),
(2986, 1900039, 'IT 113', '', 2, ''),
(2987, 1900039, 'IT 132 L', '', 2, ''),
(2988, 1900039, 'IT 132', '', 2, ''),
(2989, 1900039, 'IT 131', '', 2, ''),
(2990, 1900039, 'IT 130 L', '', 2, ''),
(2991, 1900039, 'IT 130', '', 2, ''),
(2992, 1900039, 'IT 134', '', 2, ''),
(2993, 1900040, 'GE 101', '', 2, ''),
(2994, 1900040, 'GE 105', '', 2, ''),
(2995, 1900040, 'NSTP 102', '', 2, ''),
(2996, 1900040, 'PE 102', '', 2, ''),
(2997, 1900040, 'IT 105', '', 2, ''),
(2998, 1900040, 'IT 105 L', '', 2, ''),
(2999, 1900040, 'IT 106', '', 2, ''),
(3000, 1900040, 'IT 107', '', 2, ''),
(3001, 1900040, 'IT 107 L', '', 2, ''),
(3002, 1900040, 'IT 108', '', 2, ''),
(3003, 1900040, 'IT 108 L', '', 2, ''),
(3004, 1900040, 'GE 104', '', 2, ''),
(3005, 1900040, 'GE 103', '', 2, ''),
(3006, 1900040, 'GE 102', '', 2, ''),
(3007, 1900040, 'GE 122', '', 2, ''),
(3008, 1900040, 'NSTP 101', '', 2, ''),
(3009, 1900040, 'PE 101', '', 2, ''),
(3010, 1900040, 'IT 101', '', 2, ''),
(3011, 1900040, 'IT 201 L', '', 2, ''),
(3012, 1900040, 'IT 102', '', 2, ''),
(3013, 1900040, 'IT 103', '', 2, ''),
(3014, 1900040, 'IT 103 L', '', 2, ''),
(3015, 1900040, 'IT 104', '', 2, ''),
(3016, 1900040, 'IT 114', '', 2, ''),
(3017, 1900040, 'PE 104', '', 2, ''),
(3018, 1900040, 'GE 125', '', 2, ''),
(3019, 1900040, 'GE 106', '', 2, ''),
(3020, 1900040, 'IT 114 L', '', 2, ''),
(3021, 1900040, 'IT 115', '', 2, ''),
(3022, 1900040, 'IT 116', '', 2, ''),
(3023, 1900040, 'IT 116 L', '', 2, ''),
(3024, 1900040, 'IT 117', '', 2, ''),
(3025, 1900040, 'IT 117 L', '', 2, ''),
(3026, 1900040, 'GE 107', '', 2, ''),
(3027, 1900040, 'IT 113 L', '', 2, ''),
(3028, 1900040, 'GE 113', '', 2, ''),
(3029, 1900040, 'PE 103', '', 2, ''),
(3030, 1900040, 'IT 109', '', 2, ''),
(3031, 1900040, 'IT 109 L', '', 2, ''),
(3032, 1900040, 'IT 110', '', 2, ''),
(3033, 1900040, 'IT 111', '', 2, ''),
(3034, 1900040, 'IT 111 L', '', 2, ''),
(3035, 1900040, 'IT 112', '', 2, ''),
(3036, 1900040, 'IT 112 L', '', 2, ''),
(3037, 1900040, 'IT 113', '', 2, ''),
(3038, 1900040, 'IT 126', '', 2, ''),
(3039, 1900040, 'IT 125 L', '', 2, ''),
(3040, 1900040, 'IT 125', '', 2, ''),
(3041, 1900040, 'IT 124 L', '', 2, ''),
(3042, 1900040, 'IT 124', '', 2, ''),
(3043, 1900040, 'IT 127', '', 2, ''),
(3044, 1900040, 'IT 127 L', '', 2, ''),
(3045, 1900040, 'IT 128', '', 2, ''),
(3046, 1900040, 'IT 128 L', '', 2, ''),
(3047, 1900040, 'IT 129', '', 2, ''),
(3048, 1900040, 'IT 129 L', '', 2, ''),
(3049, 1900040, 'IT 123 L', '', 2, ''),
(3050, 1900040, 'IT 123', '', 2, ''),
(3051, 1900040, 'GE 108', '', 2, ''),
(3052, 1900040, 'GE 117', '', 2, ''),
(3053, 1900040, 'GE 126', '', 2, ''),
(3054, 1900040, 'IT 118', '', 2, ''),
(3055, 1900040, 'IT 118 L', '', 2, ''),
(3056, 1900040, 'IT 119', '', 2, ''),
(3057, 1900040, 'IT 119 L', '', 2, ''),
(3058, 1900040, 'IT 120', '', 2, ''),
(3059, 1900040, 'IT 120 L', '', 2, ''),
(3060, 1900040, 'IT 121', '', 2, ''),
(3061, 1900040, 'IT 121 L', '', 2, ''),
(3062, 1900040, 'IT 122', '', 2, ''),
(3063, 1900040, 'IT 122 L', '', 2, ''),
(3064, 1900040, 'IT 113 L', '', 2, ''),
(3065, 1900040, 'IT 113', '', 2, ''),
(3066, 1900040, 'IT 132 L', '', 2, ''),
(3067, 1900040, 'IT 132', '', 2, ''),
(3068, 1900040, 'IT 131', '', 2, ''),
(3069, 1900040, 'IT 130 L', '', 2, ''),
(3070, 1900040, 'IT 130', '', 2, ''),
(3071, 1900040, 'IT 134', '', 2, ''),
(3072, 1900041, 'GE 101', '2.2', 1, ''),
(3073, 1900041, 'GE 105', '2.0', 1, ''),
(3074, 1900041, 'NSTP 102', '2.4', 1, ''),
(3075, 1900041, 'PE 102', '1.7', 1, ''),
(3076, 1900041, 'IT 105', '1.7', 1, ''),
(3077, 1900041, 'IT 105 L', '2.1', 1, ''),
(3078, 1900041, 'IT 106', '2.1', 1, ''),
(3079, 1900041, 'IT 107', '1.8', 1, ''),
(3080, 1900041, 'IT 107 L', '2.4', 1, ''),
(3081, 1900041, 'IT 108', '2.4', 1, ''),
(3082, 1900041, 'IT 108 L', '2.0', 1, ''),
(3083, 1900041, 'GE 104', '2.3', 1, ''),
(3084, 1900041, 'GE 103', '1.9', 1, ''),
(3085, 1900041, 'GE 102', '1.9', 1, ''),
(3086, 1900041, 'GE 122', '2.3', 1, ''),
(3087, 1900041, 'NSTP 101', '2.1', 1, ''),
(3088, 1900041, 'PE 101', '1.8', 1, ''),
(3089, 1900041, 'IT 101', '1.7', 1, ''),
(3090, 1900041, 'IT 201 L', '', 2, ''),
(3091, 1900041, 'IT 102', '2.1', 1, ''),
(3092, 1900041, 'IT 103', '2.4', 1, ''),
(3093, 1900041, 'IT 103 L', '2.0', 1, ''),
(3094, 1900041, 'IT 104', '1.4', 1, ''),
(3095, 1900041, 'IT 114', '1.4', 1, ''),
(3096, 1900041, 'PE 104', '2.7', 1, ''),
(3097, 1900041, 'GE 125', '1.9', 1, ''),
(3098, 1900041, 'GE 106', '1.6', 1, ''),
(3099, 1900041, 'IT 114 L', '1.7', 1, ''),
(3100, 1900041, 'IT 115', '1.3', 1, ''),
(3101, 1900041, 'IT 116', '2.9', 1, ''),
(3102, 1900041, 'IT 116 L', '1.9', 1, ''),
(3103, 1900041, 'IT 117', '1.9', 1, ''),
(3104, 1900041, 'IT 117 L', '1.3', 1, ''),
(3105, 1900041, 'GE 107', '1.4', 1, ''),
(3106, 1900041, 'IT 113 L', '1.8', 1, ''),
(3107, 1900041, 'GE 113', '1.6', 1, ''),
(3108, 1900041, 'PE 103', '1.8', 1, ''),
(3109, 1900041, 'IT 109', '1.9', 1, ''),
(3110, 1900041, 'IT 109 L', '1.5', 1, ''),
(3111, 1900041, 'IT 110', '1.3', 1, ''),
(3112, 1900041, 'IT 111', '1.9', 1, ''),
(3113, 1900041, 'IT 111 L', '1.5', 1, ''),
(3114, 1900041, 'IT 112', '1.8', 1, ''),
(3115, 1900041, 'IT 112 L', '1.4', 1, ''),
(3116, 1900041, 'IT 113', '1.4', 1, ''),
(3117, 1900041, 'IT 126', '1.8', 1, ''),
(3118, 1900041, 'IT 125 L', '1.9', 1, ''),
(3119, 1900041, 'IT 125', '2.4', 1, ''),
(3120, 1900041, 'IT 124 L', '1.9', 1, ''),
(3121, 1900041, 'IT 124', '1.9', 1, ''),
(3122, 1900041, 'IT 127', '1.8', 1, ''),
(3123, 1900041, 'IT 127 L', '2.9', 1, ''),
(3124, 1900041, 'IT 128', '2.3', 1, ''),
(3125, 1900041, 'IT 128 L', '1.7', 1, ''),
(3126, 1900041, 'IT 129', '2.1', 1, ''),
(3127, 1900041, 'IT 129 L', '', 2, ''),
(3128, 1900041, 'IT 123 L', '2.6', 1, ''),
(3129, 1900041, 'IT 123', '1.7', 1, ''),
(3130, 1900041, 'GE 108', '2.9', 1, ''),
(3131, 1900041, 'GE 117', '1.4', 1, ''),
(3132, 1900041, 'GE 126', '1.4', 1, ''),
(3133, 1900041, 'IT 118', '2.1', 1, ''),
(3134, 1900041, 'IT 118 L', '2.4', 1, ''),
(3135, 1900041, 'IT 119', '1.8', 1, ''),
(3136, 1900041, 'IT 119 L', '1.5', 1, ''),
(3137, 1900041, 'IT 120', '2.5', 1, ''),
(3138, 1900041, 'IT 120 L', '2.5', 1, ''),
(3139, 1900041, 'IT 121', '2.2', 1, ''),
(3140, 1900041, 'IT 121 L', '1.9', 1, ''),
(3141, 1900041, 'IT 122', '1.3', 1, ''),
(3142, 1900041, 'IT 122 L', '2.3', 1, ''),
(3143, 1900041, 'IT 113 L', '1.4', 1, ''),
(3144, 1900041, 'IT 113', '1.6', 1, ''),
(3145, 1900041, 'IT 132 L', '1.9', 1, ''),
(3146, 1900041, 'IT 132', '2.8', 1, ''),
(3147, 1900041, 'IT 131', '1.9', 1, ''),
(3148, 1900041, 'IT 130 L', '1.4', 1, ''),
(3149, 1900041, 'IT 130', '2.9', 1, ''),
(3150, 1900041, 'IT 134', '', 2, ''),
(3151, 1900042, 'GE 101', '1.6', 1, ''),
(3152, 1900042, 'GE 105', '1.5', 1, ''),
(3153, 1900042, 'NSTP 102', '1.5', 1, ''),
(3154, 1900042, 'PE 102', '1.6', 1, ''),
(3155, 1900042, 'IT 105', '2.2', 1, ''),
(3156, 1900042, 'IT 105 L', '1.8', 1, ''),
(3157, 1900042, 'IT 106', '1.8', 1, ''),
(3158, 1900042, 'IT 107', '1.7', 1, ''),
(3159, 1900042, 'IT 107 L', '1.9', 1, ''),
(3160, 1900042, 'IT 108', '2.1', 1, ''),
(3161, 1900042, 'IT 108 L', '1.9', 1, ''),
(3162, 1900042, 'GE 104', '1.5', 1, ''),
(3163, 1900042, 'GE 103', '1.9', 1, ''),
(3164, 1900042, 'GE 102', '1.9', 1, ''),
(3165, 1900042, 'GE 122', '1.9', 1, ''),
(3166, 1900042, 'NSTP 101', '1.2', 1, ''),
(3167, 1900042, 'PE 101', '1.7', 1, ''),
(3168, 1900042, 'IT 101', '1.5', 1, ''),
(3169, 1900042, 'IT 201 L', '', 2, ''),
(3170, 1900042, 'IT 102', '1.8', 1, ''),
(3171, 1900042, 'IT 103', '1.5', 1, ''),
(3172, 1900042, 'IT 103 L', '1.9', 1, ''),
(3173, 1900042, 'IT 104', '1.5', 1, ''),
(3174, 1900042, 'IT 114', '1.5', 1, ''),
(3175, 1900042, 'PE 104', '2.9', 1, ''),
(3176, 1900042, 'GE 125', '2.3', 1, ''),
(3177, 1900042, 'GE 106', '1.', 1, ''),
(3178, 1900042, 'IT 114 L', '1.4', 1, ''),
(3179, 1900042, 'IT 115', '1.5', 1, ''),
(3180, 1900042, 'IT 116', '2.2', 1, ''),
(3181, 1900042, 'IT 116 L', '1.8', 1, ''),
(3182, 1900042, 'IT 117', '1.4', 1, ''),
(3183, 1900042, 'IT 117 L', '1.2', 1, ''),
(3184, 1900042, 'GE 107', '1.4', 1, ''),
(3185, 1900042, 'IT 113 L', '2.2', 1, ''),
(3186, 1900042, 'GE 113', '2.4', 1, ''),
(3187, 1900042, 'PE 103', '2.5', 1, ''),
(3188, 1900042, 'IT 109', '1.6', 1, ''),
(3189, 1900042, 'IT 109 L', '1.6', 1, ''),
(3190, 1900042, 'IT 110', '2.1', 1, ''),
(3191, 1900042, 'IT 111', '2.1', 1, ''),
(3192, 1900042, 'IT 111 L', '2.3', 1, ''),
(3193, 1900042, 'IT 112', '1.8', 1, ''),
(3194, 1900042, 'IT 112 L', '18.', 1, ''),
(3195, 1900042, 'IT 113', '2.1', 1, ''),
(3196, 1900042, 'IT 126', '1.9', 1, ''),
(3197, 1900042, 'IT 125 L', '1.7', 1, ''),
(3198, 1900042, 'IT 125', '2.1', 1, ''),
(3199, 1900042, 'IT 124 L', '1.1', 1, ''),
(3200, 1900042, 'IT 124', '1.6', 1, ''),
(3201, 1900042, 'IT 127', '1.8', 1, ''),
(3202, 1900042, 'IT 127 L', '2.1', 1, ''),
(3203, 1900042, 'IT 128', '2.4', 1, ''),
(3204, 1900042, 'IT 128 L', '1.4', 1, ''),
(3205, 1900042, 'IT 129', '2.0', 1, ''),
(3206, 1900042, 'IT 129 L', '', 2, ''),
(3207, 1900042, 'IT 123 L', '2.2', 1, ''),
(3208, 1900042, 'IT 123', '1.2', 1, ''),
(3209, 1900042, 'GE 108', '1.6', 1, ''),
(3210, 1900042, 'GE 117', '1.5', 1, ''),
(3211, 1900042, 'GE 126', '1.6', 1, ''),
(3212, 1900042, 'IT 118', '2.5', 1, ''),
(3213, 1900042, 'IT 118 L', '2.4', 1, ''),
(3214, 1900042, 'IT 119', '1.7', 1, ''),
(3215, 1900042, 'IT 119 L', '1.4', 1, ''),
(3216, 1900042, 'IT 120', '1.5', 1, ''),
(3217, 1900042, 'IT 120 L', '2.1', 1, ''),
(3218, 1900042, 'IT 121', '2.5', 1, ''),
(3219, 1900042, 'IT 121 L', '1.3', 1, ''),
(3220, 1900042, 'IT 122', '1.8', 1, ''),
(3221, 1900042, 'IT 122 L', '2.2', 1, ''),
(3222, 1900042, 'IT 113 L', '2.5', 1, ''),
(3223, 1900042, 'IT 113', '2.1', 1, ''),
(3224, 1900042, 'IT 132 L', '1.4', 1, ''),
(3225, 1900042, 'IT 132', '1.4', 1, ''),
(3226, 1900042, 'IT 131', '1.6', 1, ''),
(3227, 1900042, 'IT 130 L', '1.5', 1, ''),
(3228, 1900042, 'IT 130', '1.4', 1, ''),
(3229, 1900042, 'IT 134', '', 2, ''),
(3230, 1900043, 'GE 101', '1.8', 1, ''),
(3231, 1900043, 'GE 105', '2.9', 1, ''),
(3232, 1900043, 'NSTP 102', '1.5', 1, ''),
(3233, 1900043, 'PE 102', '1.9', 1, ''),
(3234, 1900043, 'IT 105', '1.5', 1, ''),
(3235, 1900043, 'IT 105 L', '2.8', 1, ''),
(3236, 1900043, 'IT 106', '1.9', 1, ''),
(3237, 1900043, 'IT 107', '1.4', 1, ''),
(3238, 1900043, 'IT 107 L', '1.6', 1, ''),
(3239, 1900043, 'IT 108', '1.5', 1, ''),
(3240, 1900043, 'IT 108 L', '2.1', 1, ''),
(3241, 1900043, 'GE 104', '1.9', 1, ''),
(3242, 1900043, 'GE 103', '1.6', 1, ''),
(3243, 1900043, 'GE 102', '1.5', 1, ''),
(3244, 1900043, 'GE 122', '2.1', 1, ''),
(3245, 1900043, 'NSTP 101', '1.4', 1, ''),
(3246, 1900043, 'PE 101', '2.4', 1, ''),
(3247, 1900043, 'IT 101', '1.4', 1, ''),
(3248, 1900043, 'IT 201 L', '', 2, ''),
(3249, 1900043, 'IT 102', '1.7', 1, ''),
(3250, 1900043, 'IT 103', '2.3', 1, ''),
(3251, 1900043, 'IT 103 L', '2.2', 1, ''),
(3252, 1900043, 'IT 104', '1.6', 1, ''),
(3253, 1900043, 'IT 114', '1.9', 1, ''),
(3254, 1900043, 'PE 104', '2.7', 1, ''),
(3255, 1900043, 'GE 125', '2.1', 1, ''),
(3256, 1900043, 'GE 106', '2.2', 1, ''),
(3257, 1900043, 'IT 114 L', '1.7', 1, ''),
(3258, 1900043, 'IT 115', '2.1', 1, ''),
(3259, 1900043, 'IT 116', '2.5', 1, ''),
(3260, 1900043, 'IT 116 L', '2.4', 1, ''),
(3261, 1900043, 'IT 117', '2.4', 1, ''),
(3262, 1900043, 'IT 117 L', '1.8', 1, ''),
(3263, 1900043, 'GE 107', '2.1', 1, ''),
(3264, 1900043, 'IT 113 L', '2.5', 1, ''),
(3265, 1900043, 'GE 113', '1.5', 1, ''),
(3266, 1900043, 'PE 103', '1.5', 1, ''),
(3267, 1900043, 'IT 109', '1.8', 1, ''),
(3268, 1900043, 'IT 109 L', '1.4', 1, ''),
(3269, 1900043, 'IT 110', '2.1', 1, ''),
(3270, 1900043, 'IT 111', '1.4', 1, ''),
(3271, 1900043, 'IT 111 L', '1.5', 1, ''),
(3272, 1900043, 'IT 112', '1.5', 1, ''),
(3273, 1900043, 'IT 112 L', '21', 1, ''),
(3274, 1900043, 'IT 113', '2.3', 1, ''),
(3275, 1900043, 'IT 126', '1.7', 1, ''),
(3276, 1900043, 'IT 125 L', '1.4', 1, ''),
(3277, 1900043, 'IT 125', '2.5', 1, ''),
(3278, 1900043, 'IT 124 L', '2.3', 1, ''),
(3279, 1900043, 'IT 124', '1.8', 1, ''),
(3280, 1900043, 'IT 127', '1.5', 1, ''),
(3281, 1900043, 'IT 127 L', '2.1', 1, ''),
(3282, 1900043, 'IT 128', '2.2', 1, ''),
(3283, 1900043, 'IT 128 L', '2.2', 1, ''),
(3284, 1900043, 'IT 129', '2.1', 1, ''),
(3285, 1900043, 'IT 129 L', '', 2, ''),
(3286, 1900043, 'IT 123 L', '2.4', 1, ''),
(3287, 1900043, 'IT 123', '2.1', 1, ''),
(3288, 1900043, 'GE 108', '1.2', 1, ''),
(3289, 1900043, 'GE 117', '2.1', 1, ''),
(3290, 1900043, 'GE 126', '1.0', 1, ''),
(3291, 1900043, 'IT 118', '1.6', 1, ''),
(3292, 1900043, 'IT 118 L', '1.9', 1, ''),
(3293, 1900043, 'IT 119', '1.6', 1, ''),
(3294, 1900043, 'IT 119 L', '2.4', 1, ''),
(3295, 1900043, 'IT 120', '1.6', 1, ''),
(3296, 1900043, 'IT 120 L', '1.8', 1, ''),
(3297, 1900043, 'IT 121', '1.8', 1, ''),
(3298, 1900043, 'IT 121 L', '1.5', 1, ''),
(3299, 1900043, 'IT 122', '1.7', 1, ''),
(3300, 1900043, 'IT 122 L', '1.8', 1, ''),
(3301, 1900043, 'IT 113 L', '2.2', 1, ''),
(3302, 1900043, 'IT 113', '1.9', 1, ''),
(3303, 1900043, 'IT 132 L', '2.1', 1, ''),
(3304, 1900043, 'IT 132', '1.9', 1, ''),
(3305, 1900043, 'IT 131', '1.9', 1, ''),
(3306, 1900043, 'IT 130 L', '1.8', 1, ''),
(3307, 1900043, 'IT 130', '1.5', 1, ''),
(3308, 1900043, 'IT 134', '', 2, ''),
(3309, 1900044, 'GE 101', '2.2', 1, ''),
(3310, 1900044, 'GE 105', '1.0', 1, ''),
(3311, 1900044, 'NSTP 102', '1.3', 1, ''),
(3312, 1900044, 'PE 102', '1.8', 1, ''),
(3313, 1900044, 'IT 105', '1.3', 1, ''),
(3314, 1900044, 'IT 105 L', '1.8', 1, ''),
(3315, 1900044, 'IT 106', '1.2', 1, ''),
(3316, 1900044, 'IT 107', '1.4', 1, ''),
(3317, 1900044, 'IT 107 L', '1.7', 1, ''),
(3318, 1900044, 'IT 108', '1.5', 1, ''),
(3319, 1900044, 'IT 108 L', '1.5', 1, ''),
(3320, 1900044, 'GE 104', '1.3', 1, ''),
(3321, 1900044, 'GE 103', '1.5', 1, ''),
(3322, 1900044, 'GE 102', '2.4', 1, ''),
(3323, 1900044, 'GE 122', '1.3', 1, ''),
(3324, 1900044, 'NSTP 101', '2.5', 1, ''),
(3325, 1900044, 'PE 101', '2.1', 1, ''),
(3326, 1900044, 'IT 101', '2.1', 1, ''),
(3327, 1900044, 'IT 201 L', '', 2, ''),
(3328, 1900044, 'IT 102', '2.5', 1, ''),
(3329, 1900044, 'IT 103', '1.5', 1, ''),
(3330, 1900044, 'IT 103 L', '2.1', 1, ''),
(3331, 1900044, 'IT 104', '2.2', 1, ''),
(3332, 1900044, 'IT 114', '2.3', 1, ''),
(3333, 1900044, 'PE 104', '2.1', 1, ''),
(3334, 1900044, 'GE 125', '1.6', 1, '');
INSERT INTO `grades` (`id`, `student_id`, `sub_code`, `grade`, `grade_status`, `status`) VALUES
(3335, 1900044, 'GE 106', '1.8', 1, ''),
(3336, 1900044, 'IT 114 L', '2.1', 1, ''),
(3337, 1900044, 'IT 115', '2.1', 1, ''),
(3338, 1900044, 'IT 116', '1.4', 1, ''),
(3339, 1900044, 'IT 116 L', '1.7', 1, ''),
(3340, 1900044, 'IT 117', '1.5', 1, ''),
(3341, 1900044, 'IT 117 L', '2.2', 1, ''),
(3342, 1900044, 'GE 107', '2.3', 1, ''),
(3343, 1900044, 'IT 113 L', '2.0', 1, ''),
(3344, 1900044, 'GE 113', '2.4', 1, ''),
(3345, 1900044, 'PE 103', '2.1', 1, ''),
(3346, 1900044, 'IT 109', '2.0', 1, ''),
(3347, 1900044, 'IT 109 L', '2.2', 1, ''),
(3348, 1900044, 'IT 110', '2.1', 1, ''),
(3349, 1900044, 'IT 111', '2.2', 1, ''),
(3350, 1900044, 'IT 111 L', '2.4', 1, ''),
(3351, 1900044, 'IT 112', '1.9', 1, ''),
(3352, 1900044, 'IT 112 L', '2.0', 1, ''),
(3353, 1900044, 'IT 113', '2.5', 1, ''),
(3354, 1900044, 'IT 126', '1.5', 1, ''),
(3355, 1900044, 'IT 125 L', '1.9', 1, ''),
(3356, 1900044, 'IT 125', '2.1', 1, ''),
(3357, 1900044, 'IT 124 L', '1.9', 1, ''),
(3358, 1900044, 'IT 124', '1.4', 1, ''),
(3359, 1900044, 'IT 127', '1.8', 1, ''),
(3360, 1900044, 'IT 127 L', '1.8', 1, ''),
(3361, 1900044, 'IT 128', '2.4', 1, ''),
(3362, 1900044, 'IT 128 L', '1.4', 1, ''),
(3363, 1900044, 'IT 129', '1.8', 1, ''),
(3364, 1900044, 'IT 129 L', '', 2, ''),
(3365, 1900044, 'IT 123 L', '1.4', 1, ''),
(3366, 1900044, 'IT 123', '2.2', 1, ''),
(3367, 1900044, 'GE 108', '1.9', 1, ''),
(3368, 1900044, 'GE 117', '1.7', 1, ''),
(3369, 1900044, 'GE 126', '1.3', 1, ''),
(3370, 1900044, 'IT 118', '2.3', 1, ''),
(3371, 1900044, 'IT 118 L', '2.2', 1, ''),
(3372, 1900044, 'IT 119', '2.4', 1, ''),
(3373, 1900044, 'IT 119 L', '1.6', 1, ''),
(3374, 1900044, 'IT 120', '1.4', 1, ''),
(3375, 1900044, 'IT 120 L', '2.1', 1, ''),
(3376, 1900044, 'IT 121', '2.3', 1, ''),
(3377, 1900044, 'IT 121 L', '1.1', 1, ''),
(3378, 1900044, 'IT 122', '1.5', 1, ''),
(3379, 1900044, 'IT 122 L', '2.4', 1, ''),
(3380, 1900044, 'IT 113 L', '2.1', 1, ''),
(3381, 1900044, 'IT 113', '2.3', 1, ''),
(3382, 1900044, 'IT 132 L', '1.9', 1, ''),
(3383, 1900044, 'IT 132', '1.7', 1, ''),
(3384, 1900044, 'IT 131', '2.2', 1, ''),
(3385, 1900044, 'IT 130 L', '2.4', 1, ''),
(3386, 1900044, 'IT 130', '1.7', 1, ''),
(3387, 1900044, 'IT 134', '', 2, ''),
(3388, 1900045, 'GE 101', '1.5', 1, ''),
(3389, 1900045, 'GE 105', '2.1', 1, ''),
(3390, 1900045, 'NSTP 102', '2.3', 1, ''),
(3391, 1900045, 'PE 102', '2.5', 1, ''),
(3392, 1900045, 'IT 105', '1.7', 1, ''),
(3393, 1900045, 'IT 105 L', '2.3', 1, ''),
(3394, 1900045, 'IT 106', '2.0', 1, ''),
(3395, 1900045, 'IT 107', '2.2', 1, ''),
(3396, 1900045, 'IT 107 L', '1.9', 1, ''),
(3397, 1900045, 'IT 108', '2.9', 1, ''),
(3398, 1900045, 'IT 108 L', '2.2', 1, ''),
(3399, 1900045, 'GE 104', '2.1', 1, ''),
(3400, 1900045, 'GE 103', '2.2', 1, ''),
(3401, 1900045, 'GE 102', '1.4', 1, ''),
(3402, 1900045, 'GE 122', '1.2', 1, ''),
(3403, 1900045, 'NSTP 101', '1.8', 1, ''),
(3404, 1900045, 'PE 101', '1.5', 1, ''),
(3405, 1900045, 'IT 101', '1.6', 1, ''),
(3406, 1900045, 'IT 201 L', '', 2, ''),
(3407, 1900045, 'IT 102', '1.9', 1, ''),
(3408, 1900045, 'IT 103', '1.7', 1, ''),
(3409, 1900045, 'IT 103 L', '1.7', 1, ''),
(3410, 1900045, 'IT 104', '1.9', 1, ''),
(3411, 1900045, 'IT 114', '2.1', 1, ''),
(3412, 1900045, 'PE 104', '1.5', 1, ''),
(3413, 1900045, 'GE 125', '1.9', 1, ''),
(3414, 1900045, 'GE 106', '1.7', 1, ''),
(3415, 1900045, 'IT 114 L', '1.3', 1, ''),
(3416, 1900045, 'IT 115', '1.5', 1, ''),
(3417, 1900045, 'IT 116', '1.7', 1, ''),
(3418, 1900045, 'IT 116 L', '1.5', 1, ''),
(3419, 1900045, 'IT 117', '1.5', 1, ''),
(3420, 1900045, 'IT 117 L', '2.4', 1, ''),
(3421, 1900045, 'GE 107', '1.8', 1, ''),
(3422, 1900045, 'IT 113 L', '2.2', 1, ''),
(3423, 1900045, 'GE 113', '1.9', 1, ''),
(3424, 1900045, 'PE 103', '1.6', 1, ''),
(3425, 1900045, 'IT 109', '2.3', 1, ''),
(3426, 1900045, 'IT 109 L', '2.2', 1, ''),
(3427, 1900045, 'IT 110', '2.4', 1, ''),
(3428, 1900045, 'IT 111', '1.5', 1, ''),
(3429, 1900045, 'IT 111 L', '1.9', 1, ''),
(3430, 1900045, 'IT 112', '2.1', 1, ''),
(3431, 1900045, 'IT 112 L', '2.4', 1, ''),
(3432, 1900045, 'IT 113', '1.6', 1, ''),
(3433, 1900045, 'IT 126', '2.5', 1, ''),
(3434, 1900045, 'IT 125 L', '2.1', 1, ''),
(3435, 1900045, 'IT 125', '1.1', 1, ''),
(3436, 1900045, 'IT 124 L', '2.5', 1, ''),
(3437, 1900045, 'IT 124', '2.2', 1, ''),
(3438, 1900045, 'IT 127', '1.5', 1, ''),
(3439, 1900045, 'IT 127 L', '1.5', 1, ''),
(3440, 1900045, 'IT 128', '2.1', 1, ''),
(3441, 1900045, 'IT 128 L', '2.1', 1, ''),
(3442, 1900045, 'IT 129', '1,.6', 1, ''),
(3443, 1900045, 'IT 129 L', '', 2, ''),
(3444, 1900045, 'IT 123 L', '1.1', 1, ''),
(3445, 1900045, 'IT 123', '2.1', 1, ''),
(3446, 1900045, 'GE 108', '2.4', 1, ''),
(3447, 1900045, 'GE 117', '2.4', 1, ''),
(3448, 1900045, 'GE 126', '2.5', 1, ''),
(3449, 1900045, 'IT 118', '2.1', 1, ''),
(3450, 1900045, 'IT 118 L', '2.1', 1, ''),
(3451, 1900045, 'IT 119', '2.3', 1, ''),
(3452, 1900045, 'IT 119 L', '1.8', 1, ''),
(3453, 1900045, 'IT 120', '2.1', 1, ''),
(3454, 1900045, 'IT 120 L', '2.0', 1, ''),
(3455, 1900045, 'IT 121', '2.5', 1, ''),
(3456, 1900045, 'IT 121 L', '2.1', 1, ''),
(3457, 1900045, 'IT 122', '2.4', 1, ''),
(3458, 1900045, 'IT 122 L', '2.3', 1, ''),
(3459, 1900045, 'IT 113 L', '2.1', 1, ''),
(3460, 1900045, 'IT 113', '1.4', 1, ''),
(3461, 1900045, 'IT 132 L', '2.0', 1, ''),
(3462, 1900045, 'IT 132', '2.3', 1, ''),
(3463, 1900045, 'IT 131', '2.1', 1, ''),
(3464, 1900045, 'IT 130 L', '2.5', 1, ''),
(3465, 1900045, 'IT 130', '2.8', 1, ''),
(3466, 1900045, 'IT 134', '', 2, ''),
(3467, 1900046, 'GE 101', '1.6', 1, ''),
(3468, 1900046, 'GE 105', '1.6', 1, ''),
(3469, 1900046, 'NSTP 102', '1.5', 1, ''),
(3470, 1900046, 'PE 102', '1.9', 1, ''),
(3471, 1900046, 'IT 105', '1.1', 1, ''),
(3472, 1900046, 'IT 105 L', '1.5', 1, ''),
(3473, 1900046, 'IT 106', '1.8', 1, ''),
(3474, 1900046, 'IT 107', '1.4', 1, ''),
(3475, 1900046, 'IT 107 L', '1.7', 1, ''),
(3476, 1900046, 'IT 108', '1.6', 1, ''),
(3477, 1900046, 'IT 108 L', '1.5', 1, ''),
(3478, 1900046, 'GE 104', '1.7', 1, ''),
(3479, 1900046, 'GE 103', '1.2', 1, ''),
(3480, 1900046, 'GE 102', '1.1', 1, ''),
(3481, 1900046, 'GE 122', '1.5', 1, ''),
(3482, 1900046, 'NSTP 101', '1.1', 1, ''),
(3483, 1900046, 'PE 101', '1.4', 1, ''),
(3484, 1900046, 'IT 101', '1.4', 1, ''),
(3485, 1900046, 'IT 201 L', '', 2, ''),
(3486, 1900046, 'IT 102', '1.7', 1, ''),
(3487, 1900046, 'IT 103', '1.5', 1, ''),
(3488, 1900046, 'IT 103 L', '1.5', 1, ''),
(3489, 1900046, 'IT 104', '1.3', 1, ''),
(3490, 1900046, 'IT 114', '1.5', 1, ''),
(3491, 1900046, 'PE 104', '1.5', 1, ''),
(3492, 1900046, 'GE 125', '1.4', 1, ''),
(3493, 1900046, 'GE 106', '1.5', 1, ''),
(3494, 1900046, 'IT 114 L', '1.7', 1, ''),
(3495, 1900046, 'IT 115', '1.8', 1, ''),
(3496, 1900046, 'IT 116', '1.4', 1, ''),
(3497, 1900046, 'IT 116 L', '1.4', 1, ''),
(3498, 1900046, 'IT 117', '1.5', 1, ''),
(3499, 1900046, 'IT 117 L', '1.7', 1, ''),
(3500, 1900046, 'GE 107', '1.7', 1, ''),
(3501, 1900046, 'IT 113 L', '1.1', 1, ''),
(3502, 1900046, 'GE 113', '1.5', 1, ''),
(3503, 1900046, 'PE 103', '1.0', 1, ''),
(3504, 1900046, 'IT 109', '1.3', 1, ''),
(3505, 1900046, 'IT 109 L', '1.4', 1, ''),
(3506, 1900046, 'IT 110', '1.1', 1, ''),
(3507, 1900046, 'IT 111', '1.2', 1, ''),
(3508, 1900046, 'IT 111 L', '1.0', 1, ''),
(3509, 1900046, 'IT 112', '1.4', 1, ''),
(3510, 1900046, 'IT 112 L', '1.1', 1, ''),
(3511, 1900046, 'IT 113', '1.4', 1, ''),
(3512, 1900046, 'IT 126', '1.5', 1, ''),
(3513, 1900046, 'IT 125 L', '1.3', 1, ''),
(3514, 1900046, 'IT 125', '1.6', 1, ''),
(3515, 1900046, 'IT 124 L', '1.4', 1, ''),
(3516, 1900046, 'IT 124', '1.5', 1, ''),
(3517, 1900046, 'IT 127', '1.2', 1, ''),
(3518, 1900046, 'IT 127 L', '1.7', 1, ''),
(3519, 1900046, 'IT 128', '1.5', 1, ''),
(3520, 1900046, 'IT 128 L', '1.9', 1, ''),
(3521, 1900046, 'IT 129', '1.8', 1, ''),
(3522, 1900046, 'IT 129 L', '', 2, ''),
(3523, 1900046, 'IT 123 L', '1.7', 1, ''),
(3524, 1900046, 'IT 123', '1.4', 1, ''),
(3525, 1900046, 'GE 108', '1.8', 1, ''),
(3526, 1900046, 'GE 117', '1.8', 1, ''),
(3527, 1900046, 'GE 126', '1.4', 1, ''),
(3528, 1900046, 'IT 118', '1.3', 1, ''),
(3529, 1900046, 'IT 118 L', '1.6', 1, ''),
(3530, 1900046, 'IT 119', '1.8', 1, ''),
(3531, 1900046, 'IT 119 L', '1.9', 1, ''),
(3532, 1900046, 'IT 120', '1.5', 1, ''),
(3533, 1900046, 'IT 120 L', '1.4', 1, ''),
(3534, 1900046, 'IT 121', '1.5', 1, ''),
(3535, 1900046, 'IT 121 L', '1.5', 1, ''),
(3536, 1900046, 'IT 122', '1.3', 1, ''),
(3537, 1900046, 'IT 122 L', '1.1', 1, ''),
(3538, 1900046, 'IT 113 L', '1.3', 1, ''),
(3539, 1900046, 'IT 113', '1.5', 1, ''),
(3540, 1900046, 'IT 132 L', '1.4', 1, ''),
(3541, 1900046, 'IT 132', '1.1', 1, ''),
(3542, 1900046, 'IT 131', '1.1', 1, ''),
(3543, 1900046, 'IT 130 L', '1.2', 1, ''),
(3544, 1900046, 'IT 130', '1.3', 1, ''),
(3545, 1900046, 'IT 134', '', 2, ''),
(3546, 1900047, 'GE 101', '1.1', 1, ''),
(3547, 1900047, 'GE 105', '1.4', 1, ''),
(3548, 1900047, 'NSTP 102', '1.9', 1, ''),
(3549, 1900047, 'PE 102', '1.6', 1, ''),
(3550, 1900047, 'IT 105', '1.1', 1, ''),
(3551, 1900047, 'IT 105 L', '1.3', 1, ''),
(3552, 1900047, 'IT 106', '1.5', 1, ''),
(3553, 1900047, 'IT 107', '1.7', 1, ''),
(3554, 1900047, 'IT 107 L', '1.5', 1, ''),
(3555, 1900047, 'IT 108', '1.2', 1, ''),
(3556, 1900047, 'IT 108 L', '1.3', 1, ''),
(3557, 1900047, 'GE 104', '1.4', 1, ''),
(3558, 1900047, 'GE 103', '1.6', 1, ''),
(3559, 1900047, 'GE 102', '1.1', 1, ''),
(3560, 1900047, 'GE 122', '1.4', 1, ''),
(3561, 1900047, 'NSTP 101', '1.8', 1, ''),
(3562, 1900047, 'PE 101', '1.6', 1, ''),
(3563, 1900047, 'IT 101', '1.1', 1, ''),
(3564, 1900047, 'IT 201 L', '', 2, ''),
(3565, 1900047, 'IT 102', '1.3', 1, ''),
(3566, 1900047, 'IT 103', '1.8', 1, ''),
(3567, 1900047, 'IT 103 L', '1.6', 1, ''),
(3568, 1900047, 'IT 104', '1.1', 1, ''),
(3569, 1900047, 'IT 114', '1.4', 1, ''),
(3570, 1900047, 'PE 104', '1.8', 1, ''),
(3571, 1900047, 'GE 125', '1.9', 1, ''),
(3572, 1900047, 'GE 106', '1.1', 1, ''),
(3573, 1900047, 'IT 114 L', '1.3', 1, ''),
(3574, 1900047, 'IT 115', '1.4', 1, ''),
(3575, 1900047, 'IT 116', '1.0', 1, ''),
(3576, 1900047, 'IT 116 L', '1.1', 1, ''),
(3577, 1900047, 'IT 117', '1.2', 1, ''),
(3578, 1900047, 'IT 117 L', '1.3', 1, ''),
(3579, 1900047, 'GE 107', '1.5', 1, ''),
(3580, 1900047, 'IT 113 L', '1.1', 1, ''),
(3581, 1900047, 'GE 113', '1.4', 1, ''),
(3582, 1900047, 'PE 103', '1.5', 1, ''),
(3583, 1900047, 'IT 109', '1.6', 1, ''),
(3584, 1900047, 'IT 109 L', '1.0', 1, ''),
(3585, 1900047, 'IT 110', '1.1', 1, ''),
(3586, 1900047, 'IT 111', '1.9', 1, ''),
(3587, 1900047, 'IT 111 L', '1.6', 1, ''),
(3588, 1900047, 'IT 112', '1.5', 1, ''),
(3589, 1900047, 'IT 112 L', '1.0', 1, ''),
(3590, 1900047, 'IT 113', '1.4', 1, ''),
(3591, 1900047, 'IT 126', '1.5', 1, ''),
(3592, 1900047, 'IT 125 L', '1.3', 1, ''),
(3593, 1900047, 'IT 125', '1.9', 1, ''),
(3594, 1900047, 'IT 124 L', '1.4', 1, ''),
(3595, 1900047, 'IT 124', '1.6', 1, ''),
(3596, 1900047, 'IT 127', '1.1', 1, ''),
(3597, 1900047, 'IT 127 L', '1.5', 1, ''),
(3598, 1900047, 'IT 128', '1.8', 1, ''),
(3599, 1900047, 'IT 128 L', '1.8', 1, ''),
(3600, 1900047, 'IT 129', '1.5', 1, ''),
(3601, 1900047, 'IT 129 L', '', 2, ''),
(3602, 1900047, 'IT 123 L', '1.5', 1, ''),
(3603, 1900047, 'IT 123', '1.1', 1, ''),
(3604, 1900047, 'GE 108', '1.9', 1, ''),
(3605, 1900047, 'GE 117', '1.3', 1, ''),
(3606, 1900047, 'GE 126', '1.4', 1, ''),
(3607, 1900047, 'IT 118', '1.4', 1, ''),
(3608, 1900047, 'IT 118 L', '1.1', 1, ''),
(3609, 1900047, 'IT 119', '1.2', 1, ''),
(3610, 1900047, 'IT 119 L', '1.4', 1, ''),
(3611, 1900047, 'IT 120', '1.8', 1, ''),
(3612, 1900047, 'IT 120 L', '1.5', 1, ''),
(3613, 1900047, 'IT 121', '1.1', 1, ''),
(3614, 1900047, 'IT 121 L', '1.3', 1, ''),
(3615, 1900047, 'IT 122', '1.3', 1, ''),
(3616, 1900047, 'IT 122 L', '1.4', 1, ''),
(3617, 1900047, 'IT 113 L', '1.2', 1, ''),
(3618, 1900047, 'IT 113', '1.8', 1, ''),
(3619, 1900047, 'IT 132 L', '1.5', 1, ''),
(3620, 1900047, 'IT 132', '1.1', 1, ''),
(3621, 1900047, 'IT 131', '1.1', 1, ''),
(3622, 1900047, 'IT 130 L', '1.8', 1, ''),
(3623, 1900047, 'IT 130', '1.5', 1, ''),
(3624, 1900047, 'IT 134', '', 2, ''),
(3625, 1900048, 'GE 101', '1.7', 1, ''),
(3626, 1900048, 'GE 105', '1.3', 1, ''),
(3627, 1900048, 'NSTP 102', '1.4', 1, ''),
(3628, 1900048, 'PE 102', '1.9', 1, ''),
(3629, 1900048, 'IT 105', '1.8', 1, ''),
(3630, 1900048, 'IT 105 L', '1.9', 1, ''),
(3631, 1900048, 'IT 106', '1.4', 1, ''),
(3632, 1900048, 'IT 107', '1.7', 1, ''),
(3633, 1900048, 'IT 107 L', '1.5', 1, ''),
(3634, 1900048, 'IT 108', '1.9', 1, ''),
(3635, 1900048, 'IT 108 L', '1.5', 1, ''),
(3636, 1900048, 'GE 104', '1.7', 1, ''),
(3637, 1900048, 'GE 103', '1.5', 1, ''),
(3638, 1900048, 'GE 102', '1.6', 1, ''),
(3639, 1900048, 'GE 122', '1.6', 1, ''),
(3640, 1900048, 'NSTP 101', '1.7', 1, ''),
(3641, 1900048, 'PE 101', '1.5', 1, ''),
(3642, 1900048, 'IT 101', '1.5', 1, ''),
(3643, 1900048, 'IT 201 L', '', 2, ''),
(3644, 1900048, 'IT 102', '1.4', 1, ''),
(3645, 1900048, 'IT 103', '1.8', 1, ''),
(3646, 1900048, 'IT 103 L', '1.6', 1, ''),
(3647, 1900048, 'IT 104', '1.6', 1, ''),
(3648, 1900048, 'IT 114', '1.8', 1, ''),
(3649, 1900048, 'PE 104', '2.0', 1, ''),
(3650, 1900048, 'GE 125', '2.2', 1, ''),
(3651, 1900048, 'GE 106', '1.6', 1, ''),
(3652, 1900048, 'IT 114 L', '1.0', 1, ''),
(3653, 1900048, 'IT 115', '2.1', 1, ''),
(3654, 1900048, 'IT 116', '2.2', 1, ''),
(3655, 1900048, 'IT 116 L', '1.0', 1, ''),
(3656, 1900048, 'IT 117', '1.8', 1, ''),
(3657, 1900048, 'IT 117 L', '1.7', 1, ''),
(3658, 1900048, 'GE 107', '1.8', 1, ''),
(3659, 1900048, 'IT 113 L', '1.3', 1, ''),
(3660, 1900048, 'GE 113', '1.8', 1, ''),
(3661, 1900048, 'PE 103', '1.9', 1, ''),
(3662, 1900048, 'IT 109', '1.0', 1, ''),
(3663, 1900048, 'IT 109 L', '1.1', 1, ''),
(3664, 1900048, 'IT 110', '1.4', 1, ''),
(3665, 1900048, 'IT 111', '1.7', 1, ''),
(3666, 1900048, 'IT 111 L', '1.7', 1, ''),
(3667, 1900048, 'IT 112', '1.1', 1, ''),
(3668, 1900048, 'IT 112 L', '1.2', 1, ''),
(3669, 1900048, 'IT 113', '1.5', 1, ''),
(3670, 1900048, 'IT 126', '2.4', 1, ''),
(3671, 1900048, 'IT 125 L', '2.1', 1, ''),
(3672, 1900048, 'IT 125', '1.9', 1, ''),
(3673, 1900048, 'IT 124 L', '1.9', 1, ''),
(3674, 1900048, 'IT 124', '2.1', 1, ''),
(3675, 1900048, 'IT 127', '2.3', 1, ''),
(3676, 1900048, 'IT 127 L', '1.7', 1, ''),
(3677, 1900048, 'IT 128', '1.5', 1, ''),
(3678, 1900048, 'IT 128 L', '1.6', 1, ''),
(3679, 1900048, 'IT 129', '1.4', 1, ''),
(3680, 1900048, 'IT 129 L', '', 2, ''),
(3681, 1900048, 'IT 123 L', '1.9', 1, ''),
(3682, 1900048, 'IT 123', '1.4', 1, ''),
(3683, 1900048, 'GE 108', '1.5', 1, ''),
(3684, 1900048, 'GE 117', '1.0', 1, ''),
(3685, 1900048, 'GE 126', '2.3', 1, ''),
(3686, 1900048, 'IT 118', '1.6', 1, ''),
(3687, 1900048, 'IT 118 L', '1.5', 1, ''),
(3688, 1900048, 'IT 119', '1.5', 1, ''),
(3689, 1900048, 'IT 119 L', '2.3', 1, ''),
(3690, 1900048, 'IT 120', '1.1', 1, ''),
(3691, 1900048, 'IT 120 L', '1.0', 1, ''),
(3692, 1900048, 'IT 121', '1.4', 1, ''),
(3693, 1900048, 'IT 121 L', '2.0', 1, ''),
(3694, 1900048, 'IT 122', '2.1', 1, ''),
(3695, 1900048, 'IT 122 L', '2.0', 1, ''),
(3696, 1900048, 'IT 113 L', '1.6', 1, ''),
(3697, 1900048, 'IT 113', '1.7', 1, ''),
(3698, 1900048, 'IT 132 L', '1.5', 1, ''),
(3699, 1900048, 'IT 132', '1.4', 1, ''),
(3700, 1900048, 'IT 131', 'INC', 1, ''),
(3701, 1900048, 'IT 130 L', '1.4', 1, ''),
(3702, 1900048, 'IT 130', '1.4', 1, ''),
(3703, 1900048, 'IT 134', '', 2, ''),
(3704, 1900049, 'GE 101', '2.6', 1, ''),
(3705, 1900049, 'GE 105', '2.3', 1, ''),
(3706, 1900049, 'NSTP 102', '2.7', 1, ''),
(3707, 1900049, 'PE 102', '1.7', 1, ''),
(3708, 1900049, 'IT 105', '2.4', 1, ''),
(3709, 1900049, 'IT 105 L', '2.9', 1, ''),
(3710, 1900049, 'IT 106', '2.2', 1, ''),
(3711, 1900049, 'IT 107', '2.3', 1, ''),
(3712, 1900049, 'IT 107 L', '2.9', 1, ''),
(3713, 1900049, 'IT 108', '2.7', 1, ''),
(3714, 1900049, 'IT 108 L', '2.8', 1, ''),
(3715, 1900049, 'GE 104', '2.7', 1, ''),
(3716, 1900049, 'GE 103', '1.9', 1, ''),
(3717, 1900049, 'GE 102', '2.4', 1, ''),
(3718, 1900049, 'GE 122', '2.6', 1, ''),
(3719, 1900049, 'NSTP 101', '2.6', 1, ''),
(3720, 1900049, 'PE 101', '2.1', 1, ''),
(3721, 1900049, 'IT 101', '2.6', 1, ''),
(3722, 1900049, 'IT 201 L', '', 2, ''),
(3723, 1900049, 'IT 102', '2.1', 1, ''),
(3724, 1900049, 'IT 103', '2.1', 1, ''),
(3725, 1900049, 'IT 103 L', '2.4', 1, ''),
(3726, 1900049, 'IT 104', '2.7', 1, ''),
(3727, 1900049, 'IT 114', '2.0', 1, ''),
(3728, 1900049, 'PE 104', '2.6', 1, ''),
(3729, 1900049, 'GE 125', '2.5', 1, ''),
(3730, 1900049, 'GE 106', '2.1', 1, ''),
(3731, 1900049, 'IT 114 L', '2.5', 1, ''),
(3732, 1900049, 'IT 115', '2.8', 1, ''),
(3733, 1900049, 'IT 116', '2.1', 1, ''),
(3734, 1900049, 'IT 116 L', '2.2', 1, ''),
(3735, 1900049, 'IT 117', '2.8', 1, ''),
(3736, 1900049, 'IT 117 L', '2.8', 1, ''),
(3737, 1900049, 'GE 107', '2.8', 1, ''),
(3738, 1900049, 'IT 113 L', '2.5', 1, ''),
(3739, 1900049, 'GE 113', '2.9', 1, ''),
(3740, 1900049, 'PE 103', '2.1', 1, ''),
(3741, 1900049, 'IT 109', '2.1', 1, ''),
(3742, 1900049, 'IT 109 L', '2.8', 1, ''),
(3743, 1900049, 'IT 110', '2.1', 1, ''),
(3744, 1900049, 'IT 111', '2.5', 1, ''),
(3745, 1900049, 'IT 111 L', '2.5', 1, ''),
(3746, 1900049, 'IT 112', '2.8', 1, ''),
(3747, 1900049, 'IT 112 L', '2.6', 1, ''),
(3748, 1900049, 'IT 113', '2.8', 1, ''),
(3749, 1900049, 'IT 126', '2.8', 1, ''),
(3750, 1900049, 'IT 125 L', '2.2', 1, ''),
(3751, 1900049, 'IT 125', '3.0', 1, ''),
(3752, 1900049, 'IT 124 L', '1.9', 1, ''),
(3753, 1900049, 'IT 124', '2.1', 1, ''),
(3754, 1900049, 'IT 127', '2.9', 1, ''),
(3755, 1900049, 'IT 127 L', '1.6', 1, ''),
(3756, 1900049, 'IT 128', '3.0', 1, ''),
(3757, 1900049, 'IT 128 L', '1.8', 1, ''),
(3758, 1900049, 'IT 129', '2.5', 1, ''),
(3759, 1900049, 'IT 129 L', '', 2, ''),
(3760, 1900049, 'IT 123 L', '1.6', 1, ''),
(3761, 1900049, 'IT 123', '2.9', 1, ''),
(3762, 1900049, 'GE 108', '3.0', 1, ''),
(3763, 1900049, 'GE 117', '2.8', 1, ''),
(3764, 1900049, 'GE 126', '2.1', 1, ''),
(3765, 1900049, 'IT 118', '2.9', 1, ''),
(3766, 1900049, 'IT 118 L', '2.9', 1, ''),
(3767, 1900049, 'IT 119', '2.8', 1, ''),
(3768, 1900049, 'IT 119 L', '2.5', 1, ''),
(3769, 1900049, 'IT 120', '2.9', 1, ''),
(3770, 1900049, 'IT 120 L', '2.1', 1, ''),
(3771, 1900049, 'IT 121', '2.1', 1, ''),
(3772, 1900049, 'IT 121 L', '2.4', 1, ''),
(3773, 1900049, 'IT 122', '2.9', 1, ''),
(3774, 1900049, 'IT 122 L', '2.1', 1, ''),
(3775, 1900049, 'IT 113 L', '2.5', 1, ''),
(3776, 1900049, 'IT 113', '2.9', 1, ''),
(3777, 1900049, 'IT 132 L', '2.6', 1, ''),
(3778, 1900049, 'IT 132', '2.9', 1, ''),
(3779, 1900049, 'IT 131', '2.1', 1, ''),
(3780, 1900049, 'IT 130 L', '2.5', 1, ''),
(3781, 1900049, 'IT 130', '2.1', 1, ''),
(3782, 1900049, 'IT 134', '', 2, ''),
(3783, 1900050, 'GE 101', '2.4', 1, ''),
(3784, 1900050, 'GE 105', '2.1', 1, ''),
(3785, 1900050, 'NSTP 102', '2.5', 1, ''),
(3786, 1900050, 'PE 102', '2.2', 1, ''),
(3787, 1900050, 'IT 105', '2.4', 1, ''),
(3788, 1900050, 'IT 105 L', '2.9', 1, ''),
(3789, 1900050, 'IT 106', '2.5', 1, ''),
(3790, 1900050, 'IT 107', '2.5', 1, ''),
(3791, 1900050, 'IT 107 L', '2.2', 1, ''),
(3792, 1900050, 'IT 108', '2.9', 1, ''),
(3793, 1900050, 'IT 108 L', '2.1', 1, ''),
(3794, 1900050, 'GE 104', '2.1', 1, ''),
(3795, 1900050, 'GE 103', '2.3', 1, ''),
(3796, 1900050, 'GE 102', '1.6', 1, ''),
(3797, 1900050, 'GE 122', '2.4', 1, ''),
(3798, 1900050, 'NSTP 101', '1.9', 1, ''),
(3799, 1900050, 'PE 101', '1.6', 1, ''),
(3800, 1900050, 'IT 101', '1.8', 1, ''),
(3801, 1900050, 'IT 201 L', '', 2, ''),
(3802, 1900050, 'IT 102', '2.1', 1, ''),
(3803, 1900050, 'IT 103', '2.6', 1, ''),
(3804, 1900050, 'IT 103 L', '1.9', 1, ''),
(3805, 1900050, 'IT 104', '1.4', 1, ''),
(3806, 1900050, 'IT 114', '1.9', 1, ''),
(3807, 1900050, 'PE 104', '2.8', 1, ''),
(3808, 1900050, 'GE 125', '1.9', 1, ''),
(3809, 1900050, 'GE 106', '2.0', 1, ''),
(3810, 1900050, 'IT 114 L', '1.7', 1, ''),
(3811, 1900050, 'IT 115', '2.7', 1, ''),
(3812, 1900050, 'IT 116', '1.9', 1, ''),
(3813, 1900050, 'IT 116 L', '2.9', 1, ''),
(3814, 1900050, 'IT 117', '1.0', 1, ''),
(3815, 1900050, 'IT 117 L', '1.8', 1, ''),
(3816, 1900050, 'GE 107', '2.9', 1, ''),
(3817, 1900050, 'IT 113 L', '2.9', 1, ''),
(3818, 1900050, 'GE 113', '2.7', 1, ''),
(3819, 1900050, 'PE 103', '2.4', 1, ''),
(3820, 1900050, 'IT 109', '2.5', 1, ''),
(3821, 1900050, 'IT 109 L', '2.7', 1, ''),
(3822, 1900050, 'IT 110', '2.2', 1, ''),
(3823, 1900050, 'IT 111', '2.8', 1, ''),
(3824, 1900050, 'IT 111 L', '2.9', 1, ''),
(3825, 1900050, 'IT 112', '2.1', 1, ''),
(3826, 1900050, 'IT 112 L', '2.7', 1, ''),
(3827, 1900050, 'IT 113', '2.2', 1, ''),
(3828, 1900050, 'IT 126', '2.6', 1, ''),
(3829, 1900050, 'IT 125 L', '2.7', 1, ''),
(3830, 1900050, 'IT 125', '2.0', 1, ''),
(3831, 1900050, 'IT 124 L', '2.0', 1, ''),
(3832, 1900050, 'IT 124', '2.5', 1, ''),
(3833, 1900050, 'IT 127', '2.6', 1, ''),
(3834, 1900050, 'IT 127 L', '2.6', 1, ''),
(3835, 1900050, 'IT 128', '1.5', 1, ''),
(3836, 1900050, 'IT 128 L', '2.2', 1, ''),
(3837, 1900050, 'IT 129', '2.9', 1, ''),
(3838, 1900050, 'IT 129 L', '', 2, ''),
(3839, 1900050, 'IT 123 L', '2.1', 1, ''),
(3840, 1900050, 'IT 123', '1.5', 1, ''),
(3841, 1900050, 'GE 108', '2.1', 1, ''),
(3842, 1900050, 'GE 117', '2.1', 1, ''),
(3843, 1900050, 'GE 126', '2.1', 1, ''),
(3844, 1900050, 'IT 118', '2.0', 1, ''),
(3845, 1900050, 'IT 118 L', '2.0', 1, ''),
(3846, 1900050, 'IT 119', '2.0', 1, ''),
(3847, 1900050, 'IT 119 L', '2.8', 1, ''),
(3848, 1900050, 'IT 120', '2.4', 1, ''),
(3849, 1900050, 'IT 120 L', '2.0', 1, ''),
(3850, 1900050, 'IT 121', '2.0', 1, ''),
(3851, 1900050, 'IT 121 L', '2.1', 1, ''),
(3852, 1900050, 'IT 122', '2.5', 1, ''),
(3853, 1900050, 'IT 122 L', '2.1', 1, ''),
(3854, 1900050, 'IT 113 L', '2.1', 1, ''),
(3855, 1900050, 'IT 113', '2.5', 1, ''),
(3856, 1900050, 'IT 132 L', '2.1', 1, ''),
(3857, 1900050, 'IT 132', '1.9', 1, ''),
(3858, 1900050, 'IT 131', '2.4', 1, ''),
(3859, 1900050, 'IT 130 L', 'INC', 1, ''),
(3860, 1900050, 'IT 130', 'INC', 1, ''),
(3861, 1900050, 'IT 134', '', 2, '');

-- --------------------------------------------------------

--
-- Table structure for table `sem`
--

CREATE TABLE `sem` (
  `id` int(11) NOT NULL,
  `sem_desc` varchar(55) NOT NULL
) ENGINE=InnoDB DEFAULT CHARSET=latin1;

--
-- Dumping data for table `sem`
--

INSERT INTO `sem` (`id`, `sem_desc`) VALUES
(1, 'Fisrt Semester'),
(2, 'Second Semester');

-- --------------------------------------------------------

--
-- Table structure for table `students`
--

CREATE TABLE `students` (
  `student_id` int(11) NOT NULL,
  `fname` varchar(55) NOT NULL,
  `mname` varchar(55) NOT NULL,
  `lname` varchar(55) NOT NULL,
  `pword` varchar(55) NOT NULL,
  `year_started` date NOT NULL,
  `year_lvl` int(11) NOT NULL,
  `student_course` int(2) NOT NULL,
  `student_college` int(11) NOT NULL,
  `stud_cur` int(11) NOT NULL,
  `bday` date NOT NULL,
  `sex` varchar(20) NOT NULL,
  `address` varchar(100) NOT NULL,
  `status` int(11) NOT NULL,
  `stud_type` int(11) NOT NULL
) ENGINE=InnoDB DEFAULT CHARSET=latin1;

--
-- Dumping data for table `students`
--

INSERT INTO `students` (`student_id`, `fname`, `mname`, `lname`, `pword`, `year_started`, `year_lvl`, `student_course`, `student_college`, `stud_cur`, `bday`, `sex`, `address`, `status`, `stud_type`) VALUES
(1500005, 'Luv', '', 'Lee', '1500005', '0000-00-00', 1, 0, 0, 0, '0000-00-00', '', '', 0, 0),
(1900011, 'Johnny', 'V.', 'Valle', '1900011', '2020-03-13', 1, 1, 1, 2, '1999-09-21', 'Male', 'San Jose, Tacloban City', 0, 0),
(1900012, 'Chen', 'B.', 'Bico', '1900012', '2020-03-13', 1, 1, 1, 2, '1996-01-11', 'Female', 'Tanuan, Leyte', 0, 0),
(1900013, 'Rhen', 'C.', 'Lago', '1900013', '2020-03-13', 1, 1, 1, 2, '2000-12-10', 'Female', 'Ormoc City', 0, 0),
(1900014, 'John Gaven', 'S.', 'Lee', '1900014', '2020-03-13', 1, 1, 1, 2, '1998-04-15', 'Male', 'Palo, Leyte', 0, 0),
(1900015, 'Eufrocino', 'L.', 'Elejido', '1900015', '2020-03-13', 1, 1, 1, 2, '2001-02-09', 'Male', 'Catbalogan Eastern Samar', 0, 0),
(1900016, 'Eumar', 'D.', 'Ukaw', '1900016', '2020-03-13', 1, 1, 1, 2, '1996-04-21', 'Male', 'Alangalang Leyte', 0, 0),
(1900017, 'Jessica', 'Q.', 'Soho', '1900017', '2020-03-13', 1, 1, 1, 2, '2005-11-24', 'Female', 'Romualdez St. Tacloban City', 0, 0),
(1900018, 'Joya', 'S.', 'Nabartz', '1900018', '2020-03-13', 1, 1, 1, 2, '1998-09-30', 'Female', 'Baybay City, Leyte', 0, 0),
(1900019, 'Christ', 'U.', 'Go', '1900019', '2020-03-13', 1, 1, 1, 2, '2007-10-20', 'Male', 'Tacloban City', 0, 0),
(1900020, 'Christine', 'O.', 'Osaka', '1900020', '2020-03-13', 1, 1, 1, 2, '1999-05-04', 'Female', 'kananga Leyte', 0, 0),
(1900021, 'Antonio', 'T.', 'Ocanz', '1900021', '2020-03-13', 2, 1, 1, 2, '1981-03-24', 'Male', 'Macarthur Leyte', 0, 0),
(1900022, 'Nector', 'I.', 'Gabornzz', '1900022', '2020-03-13', 2, 1, 1, 2, '1993-05-10', 'Male', 'Lawaan Eastern Samar', 0, 0),
(1900023, 'Remie', 'A.', 'Caril', '1900023', '2020-03-13', 2, 1, 1, 2, '1987-07-02', 'Female', 'Brgy. 03, Tacloban City', 0, 0),
(1900024, 'Prinncess', 'V.', 'Co', '1900024', '2020-03-13', 2, 1, 1, 2, '2005-02-24', 'Femae', 'Tacloban City', 0, 0),
(1900025, 'Marina', 'W.', 'Udtohan', '1900025', '2020-03-13', 2, 1, 1, 2, '1993-04-29', 'Female', 'Boronggan Eastern Samar', 0, 0),
(1900026, 'Romart', 'X.', 'Guintadcan', '1900026', '2020-03-13', 2, 1, 1, 2, '2001-01-21', 'Male', 'Santa Fe Leyte', 0, 0),
(1900027, 'Utep', 'Z.', 'Lipay Lipay', '1900027', '2020-03-13', 2, 1, 1, 2, '2005-08-06', 'Male', 'Kalipayan Tacloban City', 0, 0),
(1900028, 'Richard', 'Y.', 'Gomez', '1900028', '2020-03-13', 2, 1, 1, 2, '2000-10-04', 'Male', 'Baybay Leyte', 0, 0),
(1900029, 'Ma. Kristina', 'T.', 'De Makita', '1900029', '2020-03-13', 2, 1, 1, 2, '2007-10-31', 'Female', 'Tacloban City', 0, 0),
(1900030, 'Sean', 'A.', 'Alcober', '1900030', '2020-03-13', 2, 1, 1, 2, '2009-09-04', 'Male', 'Palo, Leyte', 0, 0),
(1900031, 'Irish', 'M.', 'Mahusay', '1900031', '2020-03-13', 3, 1, 1, 2, '2006-08-15', 'Female', 'Liloan Leyte', 0, 0),
(1900032, 'Gerlie', 'G.', 'De Gonzales', '1900032', '2020-03-13', 3, 1, 1, 2, '2009-08-09', 'Female', 'Baybay City, Leyte', 0, 0),
(1900033, 'Nalyn', 'R.', 'Lanantzz', '1900033', '2020-03-13', 3, 1, 1, 2, '1996-12-22', 'Female', 'Lapaz, Leyte', 0, 0),
(1900034, 'May', 'Q.', 'Labadlabad', '1900034', '2020-03-13', 3, 1, 1, 2, '1995-02-10', 'Female', 'Santa Fe Leyte', 0, 0),
(1900035, 'Noel', 'G.', 'Alaliman', '1900035', '2020-03-13', 3, 1, 1, 2, '1990-06-23', 'Male', 'Tacloban City', 0, 0),
(1900036, 'Paul', 'P.', 'Pauliner', '1900036', '2020-03-13', 3, 1, 1, 2, '1999-09-02', 'Male', 'Sagkahan, Tacloban City', 0, 0),
(1900037, 'Bon', 'H.', 'Hidalgo', '1900037', '2020-03-13', 3, 1, 1, 2, '1998-07-15', 'Male', 'Brgy. 88, Tacloban City', 0, 0),
(1900038, 'Ray', 'R.', 'De Makakilos', '1900038', '2020-03-13', 3, 1, 1, 2, '2002-12-23', 'Male', 'V & G, Tacloban City', 0, 0),
(1900039, 'Pacman', 'S.', 'Dollar', '1900039', '2020-03-13', 3, 1, 1, 2, '2004-12-07', 'Male', 'Tacloban City', 0, 0),
(1900040, 'John Nelson', 'T.', 'Cejas', '1900040', '2020-03-13', 3, 1, 1, 2, '2002-06-05', 'Male', 'Brgy. 02, Tacloban City', 0, 0),
(1900041, 'Jason', 'Villarin', 'Lago', '1900041', '2020-03-13', 4, 1, 1, 2, '1993-12-29', 'Male', 'Brgy. 83-C Taguictik, San Jose Tacloban City', 0, 0),
(1900042, 'Jomar', 'Lababo', 'Salazar', '1900042', '2020-03-13', 4, 1, 1, 2, '1998-11-29', 'Male', 'Villareal, Samar', 0, 0),
(1900043, 'Mary Joy', 'Segura', 'Nabartey', '1900043', '2020-03-13', 4, 1, 1, 2, '1993-07-02', 'Female', 'San Jose, Tacloban City', 0, 0),
(1900044, 'Joseph', 'O.', 'Raagas', '1900044', '2020-03-13', 4, 1, 1, 2, '1997-03-21', 'Male', 'Sagkahan, Tacloban City', 0, 0),
(1900045, 'Arthur', 'A.', 'Dableo', '1900045', '2020-03-13', 4, 1, 1, 2, '1995-02-09', 'Male', 'San Jose, Tacloban City', 0, 0),
(1900046, 'Henry', 'A.', 'Abayan', '1900046', '2020-03-13', 4, 1, 1, 2, '1993-02-13', 'Male', 'Abucay, Tacloban City', 0, 0),
(1900047, 'May Flor', 'E.', 'Portugaliza', '1900047', '2020-03-13', 4, 1, 1, 2, '1995-07-16', 'Female', 'Mahaplag, Leyte', 0, 0),
(1900048, 'Mikee', 'T.', 'Pescos', '1900048', '2020-03-13', 4, 1, 1, 2, '1997-07-09', 'Female', 'Sagkahan, Tacloban City', 0, 0),
(1900049, 'Adelfa', 'U.', 'Ulbata', '1900049', '2020-03-13', 4, 1, 1, 2, '1989-04-08', 'Female', 'Javier, Leyte', 0, 0),
(1900050, 'Riza', 'S.', 'Sablawon', '1900050', '2020-03-13', 4, 1, 1, 2, '1995-12-25', 'Female', 'Dolores, Eastern Samar', 0, 0);

-- --------------------------------------------------------

--
-- Table structure for table `subjects`
--

CREATE TABLE `subjects` (
  `sub_id` int(11) NOT NULL,
  `sub_code` varchar(20) NOT NULL,
  `sub_desc` varchar(255) NOT NULL,
  `sub_prereq` varchar(20) NOT NULL,
  `sub_unit` int(2) NOT NULL,
  `sub_year` int(2) NOT NULL,
  `sub_sem` int(2) NOT NULL,
  `sub_cur` int(11) NOT NULL
) ENGINE=InnoDB DEFAULT CHARSET=latin1;

--
-- Dumping data for table `subjects`
--

INSERT INTO `subjects` (`sub_id`, `sub_code`, `sub_desc`, `sub_prereq`, `sub_unit`, `sub_year`, `sub_sem`, `sub_cur`) VALUES
(1, 'SOCSCI_115', 'Society  & Culture with Family Planning', 'NONE', 3, 4, 2, 1),
(2, 'IT_105', 'Programming I', 'IT_102', 3, 1, 2, 1),
(3, 'IT_201', 'Discrete Structures', 'MATH_106', 3, 2, 1, 1),
(4, 'IT_202', 'Programming II', 'IT_105', 3, 2, 1, 1),
(5, 'IT_203', 'Quality Consciousness Habit and Processes', 'NONE', 3, 2, 1, 1),
(6, 'IT_204', 'Accounting Principle', 'NONE', 3, 2, 1, 1),
(7, 'IT_205', 'Object Oriented Programming', 'IT_202', 3, 2, 2, 1),
(8, 'IT_206', 'Computer Organization', 'IT_202', 3, 2, 2, 1),
(9, 'IT_207', 'Data Structures and Algorithms', 'IT_202', 3, 2, 2, 1),
(10, 'IT_208', 'Data Communication and Networking', 'IT_104', 3, 2, 2, 1),
(11, 'IT_301', 'Professional Ethics', 'IT_101', 3, 3, 1, 1),
(12, 'SCI_101', 'Biological Science', 'NONE', 3, 1, 1, 1),
(13, 'NSTP_101', 'National Service Training Program 1', 'NONE', 3, 1, 1, 1),
(14, 'MATH_121', 'Probability', 'MATH_106', 3, 3, 1, 1),
(15, 'MATH_112', 'Calculus 1', 'MATH_108', 3, 2, 1, 1),
(16, 'MATH_108', 'Trigonometry', 'MATH_106', 3, 1, 2, 1),
(17, 'MATH_106', 'College Algebria', 'NONE', 3, 1, 1, 1),
(18, 'IT_409', 'IT Elective IV', 'NONE', 3, 4, 2, 1),
(19, 'IT_408', 'IT Elective III', 'NONE', 3, 4, 2, 1),
(20, 'IT_407', 'Seminar and Field Trip', 'NONE', 3, 4, 2, 1),
(21, 'IT_406', 'Network Management', 'IT_206', 3, 4, 2, 1),
(22, 'IT_405', 'Capstone Project II', 'IT_402', 3, 4, 2, 1),
(23, 'NSTP_102', 'National Service Training Program 2', 'NSTP_101', 3, 1, 2, 1),
(24, 'SOCSCI_106', 'Issues and Problems in Contemporary Society', 'NONE', 3, 3, 2, 1),
(25, 'PE_104', 'Health and Recreation', 'PE_101', 2, 2, 2, 1),
(26, 'PE_103', 'Games and Sports', 'PE_101', 2, 2, 1, 1),
(27, 'PE_102', 'Rhythm and Dance', 'PE_101', 2, 1, 2, 1),
(28, 'PE_101', 'Fitness and Gymnastics', 'NONE', 2, 1, 1, 1),
(29, 'SCI_102A', 'General Science with Environmental Science', 'SCI_101', 3, 2, 1, 1),
(30, 'SCI_117', 'Basic Electrical and Electronics', 'NONE', 3, 3, 1, 1),
(31, 'SCI_135L-1', 'College Physics 1', 'NONE', 4, 2, 2, 1),
(32, 'SOCSCI_101', 'General Psychology', 'NONE', 3, 1, 1, 1),
(33, 'SOCSCI_103', 'Politics and Governance with Philippine Constitution and Human Rights', 'NONE', 3, 1, 2, 1),
(34, 'SOCSCI_104', 'Basic Economics w/ Taxation, Agrarian Reform & Cooperative', 'NONE', 3, 3, 2, 1),
(35, 'SOCSCI_105', 'Life and Works of Rizal', 'NONE', 3, 2, 2, 1),
(36, 'IT_404', 'Free Elective III', 'NONE', 3, 4, 1, 1),
(37, 'IT_403', 'Multimedia Systems', 'IT_306', 3, 4, 1, 1),
(38, 'IT_402', 'Capstone Project I', 'NONE', 3, 4, 1, 1),
(39, 'IT_103', 'Computer Hardware, Repair and Maintenance', 'IT_101', 3, 1, 2, 1),
(40, 'IT_102', 'Program Logic Formulation', 'NONE', 3, 1, 1, 1),
(41, 'IT_101', 'Information Technology Fundamentals w/Software Applicatino', 'NONE', 3, 1, 1, 1),
(42, 'HUM_106', 'Appreciation of Music and Various Arts', 'NONE', 3, 2, 1, 1),
(43, 'HUM_104', 'Appreciation of Visual Arts', 'NONE', 3, 2, 2, 1),
(44, 'HUM_103', 'Art Appreciation', 'NONE', 3, 4, 2, 1),
(45, 'FIL_102', 'Pagbasa at Pagsulat Tungo sa Pananaliksik', 'FIL_101', 3, 1, 2, 1),
(46, 'FIL_101', 'Komunikasyon sa Akademikong Filipino', 'NONE', 3, 1, 1, 1),
(47, 'ENG_113', 'Introduction to Mass Communication and Information Technology', 'ENG_101', 3, 1, 2, 1),
(48, 'ENG_112', 'Technical Writing & Reporting', 'NONE', 3, 3, 1, 1),
(49, 'ENG_108', 'Oral Communication', 'NONE', 3, 2, 2, 1),
(50, 'IT_104', 'Networking Basic', 'IT_101', 3, 1, 2, 1),
(51, 'ENG_101', 'Communication Arts', 'NONE', 3, 1, 1, 1),
(52, 'IT_401', 'Internship/OJT Practicum', 'NONE', 9, 4, 1, 1),
(53, 'IT_311', 'Free Elective II', 'NONE', 3, 3, 2, 1),
(54, 'IT_310', 'IT Elective II', 'NONE', 3, 3, 2, 1),
(55, 'IT_309', 'Software Engineering', 'IT_303', 3, 3, 2, 1),
(56, 'IT_308', 'Database Management System 2', 'IT_301', 3, 3, 2, 1),
(57, 'IT_307', 'Operating System Applications', 'IT_206', 3, 3, 2, 1),
(58, 'IT_306', 'Web Development', 'IT_301', 3, 3, 2, 1),
(59, 'IT_305', 'Free Elective I', 'NONE', 3, 3, 1, 1),
(60, 'IT_304', 'IT Elective I', 'NONE', 3, 3, 1, 1),
(61, 'IT_303', 'System Analysis and Design', 'MATH_108', 3, 3, 1, 1),
(62, 'IT_302', 'Database Management System', 'IT_205', 3, 3, 1, 1),
(63, 'ENG_103', 'Writing in the Discipline', 'NONE', 3, 2, 1, 1),
(69, 'GE 101', 'Understanding the Self', 'NONE', 3, 1, 1, 2),
(72, 'GE 102', 'Readings in Philippine History', 'NONE', 3, 1, 1, 2),
(73, 'GE 122', 'Kontekstwalisadong Komunikasyon sa Filipino (KOMFIL)', 'NONE', 3, 1, 1, 2),
(74, 'NSTP 101', 'National Service Training Program 1', 'NONE', 3, 1, 1, 2),
(75, 'PE 101', 'Movement Enhancement', 'NONE', 2, 1, 1, 2),
(76, 'IT 101', 'Information Technology Fundamentals with Software Applications', 'NONE', 2, 1, 1, 2),
(77, 'IT 101 L', 'Information Technology Fundamentals with Software Applications (Laboratory)', 'NONE', 1, 1, 1, 2),
(78, 'IT 102', 'Accounting Principle', 'NONE', 3, 1, 1, 2),
(79, 'IT 103', 'Computer Programming 1 Java', 'NONE', 2, 1, 1, 2),
(80, 'IT 103 L', 'Computer Programming 1 Java (Laboratory)', 'NONE', 1, 1, 1, 2),
(81, 'IT 104', 'Discrete Mathematics', 'NONE', 3, 1, 1, 2),
(82, 'Ge 103', 'The Contemporary World', 'NONE', 3, 1, 2, 2),
(83, 'Ge 104', 'Mathematics in the Modern World', 'NONE', 3, 1, 2, 2),
(84, 'Ge 105', 'Purposive Communication', 'NONE', 3, 1, 2, 2),
(85, 'NSTP 102', 'National Service Training Program 2', 'NSTP 101', 3, 1, 2, 2),
(86, 'PE 102', 'Fitness Exercises', 'NONE', 2, 1, 2, 2),
(87, 'IT 105', 'Mobile Development', 'IT 103', 2, 1, 2, 2),
(88, 'IT 105 L', 'Mobile Development (Laboratory)', 'IT 103 L', 1, 1, 2, 2),
(89, 'IT 106', 'Introduction to Computing Computer Organization', 'NONE', 3, 1, 2, 2),
(90, 'IT 107', 'Multimedia Systems', 'NONE', 2, 1, 2, 2),
(91, 'IT 107 L', 'Multimedia Systems (Laboratory)', 'NONE', 1, 1, 2, 2),
(92, 'IT 108', 'Programming II - Java', 'IT 103', 2, 1, 2, 2),
(93, 'IT 108 L', 'Programming II - Java (Laboratory)', 'IT 103 L', 1, 1, 2, 2),
(94, 'GE 113', 'Living in the IT Era', 'NONE', 3, 2, 1, 2),
(95, 'PE 103', 'Physical Activities towards Health & Fitness I', 'NONE', 2, 2, 1, 2),
(96, 'IT 109', 'IT Elective I - Platform Technologies', 'IT 108', 2, 2, 1, 2),
(97, 'IT 109 L', 'IT Elective I - Platform Technologies (Laboratory)', 'IT 108 L', 1, 2, 1, 2),
(98, 'IT 110', 'Data Structure and Algorithms', 'IT 108 ', 3, 2, 1, 2),
(99, 'IT 111', 'Fundamentals of Database Systems', 'IT 107', 2, 2, 1, 2),
(100, 'IT 111 L', 'Fundamentals of Database Systems (Laboratory)', 'IT 107 L', 1, 2, 1, 2),
(101, 'IT 112', 'Integrative Programming and Technologies', 'IT 107', 2, 2, 1, 2),
(102, 'IT 112 L', 'Integrative Programming and Technologies (Laboratory)', 'IT 107 L', 1, 2, 1, 2),
(103, 'IT 113', 'CISCO I - Network Fundamentals', 'NONE', 2, 2, 1, 2),
(104, 'IT 113 L', 'CISCO I - Network Fundamentals (Laboratory)', 'NONE', 1, 2, 1, 2),
(105, 'GE 107', 'Science, Technology & Society', 'NONE', 3, 2, 2, 2),
(106, 'GE 106', 'Art Appreciation', 'NONE', 3, 2, 2, 2),
(107, 'GE 125', 'Sosyedad at Literatura', 'Fil 111', 3, 2, 2, 2),
(108, 'PE 104', 'Physical Activities towards Health & Fitness II', 'NONE', 2, 2, 2, 2),
(109, 'IT 114', 'IT Elective II - Object Oriented Programming', 'IT 108', 2, 2, 2, 2),
(110, 'IT 114 L', 'IT Elective II - Object Oriented Programming (Laboratory)', 'IT 108 L', 1, 2, 2, 2),
(111, 'IT 115', 'Introduction to Human Computer Interaction', 'IT 107, IT 104', 3, 2, 2, 2),
(112, 'IT 116', 'CISCO II - Routing and Switching Essentials ', 'IT 113', 2, 2, 2, 2),
(113, 'IT 116 L', 'CISCO II - Routing and Switching Essentials (Laboratory)', 'IT 113 L', 1, 2, 2, 2),
(114, 'IT 117', 'Systems Integration and Achitecture I (Laboratory)', 'IT 112', 2, 2, 2, 2),
(115, 'IT 117 L', 'Systems Integration and Achitecture I (Laboratory)', 'IT 112 L', 1, 2, 2, 2),
(116, 'GE 117', 'The Entrepreneurial Mind', 'NONE', 3, 3, 1, 2),
(117, 'GE 126', 'Sinesosyedad/Pelikulang Panlipunan', 'Fil 114', 3, 3, 1, 2),
(118, 'IT 118', 'IT Elective III - Integrative Programming Technologies II', 'IT 117', 2, 3, 1, 2),
(119, 'IT 118 L', 'IT Elective III - Integrative Programming Technologies II (Laboratory)', 'IT 117 L', 1, 3, 1, 2),
(120, 'IT 119', 'IT Elective IV - Web Systems and Technologies ', 'IT 117', 2, 3, 1, 2),
(121, 'IT 119 L', 'IT Elective IV - Web Systems and Technologies (Laboratory)', 'IT 117 L', 1, 3, 1, 2),
(122, 'IT 120', 'Geographic Information Systems', 'NONE', 2, 3, 1, 2),
(123, 'IT 120 L', 'Geographic Information Systems (Laboratory)', 'NONE', 1, 3, 1, 2),
(124, 'IT 121', 'Information Management I', 'IT 108', 2, 3, 1, 2),
(125, 'IT 121 L', 'Information Management I (Laboratory)', 'IT 108 L', 1, 3, 1, 2),
(126, 'IT 122', 'Systems Analysis and Design', 'NONE', 2, 3, 1, 2),
(127, 'IT 122 L', 'Systems Analysis and Design (Laboratory)', 'NONE', 1, 3, 1, 2),
(128, 'GE 108', 'Ethics', 'NONE', 3, 3, 2, 2),
(129, 'IT 123', 'IT Elective V - System Integration & Architecture II', 'IT 117', 2, 3, 2, 2),
(130, 'IT 123 L', 'IT Elective V - System Integration & Architecture II (Laboratory)', 'IT 117', 1, 3, 2, 2),
(131, 'IT 124', 'Quantitative Methods with Simulations and Modeling', 'IT 107', 2, 3, 2, 2),
(132, 'IT 124 L', 'Quantitative Methods with Simulations and Modeling (Laboratory)', 'IT 107 L', 1, 3, 2, 2),
(133, 'IT 125', 'Information Assurance & Security I', 'IT 117', 2, 3, 2, 2),
(134, 'IT 125 L', 'Information Assurance & Security I (Laboratory)', 'IT 117 L', 1, 3, 2, 2),
(135, 'IT 126', 'Social and Professional Issues', 'NONE', 3, 3, 2, 2),
(136, 'IT 127', 'Application Development and Emerging Technologies', 'IT 111', 2, 3, 2, 2),
(137, 'IT 127 L', 'Application Development and Emerging Technologies (Laboratory)', 'IT 111 L', 1, 3, 2, 2),
(138, 'IT 128', 'Capstone Project I', 'All subjects from fi', 2, 3, 2, 2),
(139, 'IT 128 L', 'Capstone Project I (Laboratory)', 'All subjects from fi', 1, 3, 2, 2),
(140, 'GE 119', 'Philippine Popular Culture', 'NONE', 3, 3, 3, 2),
(149, 'IT 129', 'System Administration and Maintenance', 'IT 107', 2, 3, 3, 0),
(150, 'IT 129', 'System Administration and Maintenance (Laboratory)', 'IT 107 L', 1, 3, 3, 0),
(154, 'IT 130', 'Computer Hardware Repair and Maintenance', 'NONE', 2, 4, 1, 2),
(155, 'IT 130 L', 'Computer Hardware Repair and Maintenance (Laboratory)', 'NONE', 1, 4, 1, 2),
(156, 'IT 131', 'Seminars and Fieldtrip', 'NONE', 3, 4, 1, 2),
(157, 'IT 132', 'Information Assurance and Security II', 'IT 125', 2, 4, 1, 2),
(158, 'IT 132 L', 'Information Assurance and Security II (Laboratory)', 'IT 125 L', 1, 4, 1, 2),
(159, 'IT 133', 'Capstone Project 2', 'IT 128', 2, 4, 1, 2),
(160, 'IT 133 L', 'Capstone Project 2 (Laboratory)', 'IT 128 L', 1, 4, 1, 2),
(161, 'IT 134', 'Practicum - 486hrs', 'NONE', 6, 4, 2, 2);

-- --------------------------------------------------------

--
-- Table structure for table `super_admin`
--

CREATE TABLE `super_admin` (
  `user-id` int(11) NOT NULL,
  `fName` varchar(55) NOT NULL,
  `MI` varchar(1) NOT NULL,
  `lName` varchar(55) NOT NULL,
  `bDay` date NOT NULL,
  `address` varchar(100) NOT NULL,
  `uName` varchar(55) NOT NULL,
  `pWord` varchar(55) NOT NULL
) ENGINE=InnoDB DEFAULT CHARSET=latin1;

--
-- Dumping data for table `super_admin`
--

INSERT INTO `super_admin` (`user-id`, `fName`, `MI`, `lName`, `bDay`, `address`, `uName`, `pWord`) VALUES
(1600076, 'Juan', 'D', 'Cruz', '2019-09-10', 'Villareal, Samar', 'jsalazar29', 'admin123');

-- --------------------------------------------------------

--
-- Table structure for table `user_logs`
--

CREATE TABLE `user_logs` (
  `login_id` int(11) NOT NULL,
  `u_id` int(11) NOT NULL,
  `u_ip` varchar(55) NOT NULL,
  `u_action` varchar(55) NOT NULL,
  `date_login` datetime NOT NULL
) ENGINE=InnoDB DEFAULT CHARSET=latin1;

--
-- Dumping data for table `user_logs`
--

INSERT INTO `user_logs` (`login_id`, `u_id`, `u_ip`, `u_action`, `date_login`) VALUES
(7, 123, '0', 'Login', '2020-02-10 03:47:13'),
(8, 123, '0', 'Login', '2020-02-10 03:50:39'),
(9, 123, '0', 'Logout', '2020-02-10 03:51:32'),
(10, 123, '0', 'Logout', '2020-02-10 03:52:31'),
(11, 123, '0', 'Login', '2020-02-10 03:52:42'),
(12, 123, '0', 'Logout', '2020-02-10 03:52:50'),
(13, 123, '::1', 'Login', '2020-02-10 08:07:09'),
(14, 123, '::1', 'Logout', '2020-02-10 08:44:13'),
(15, 123, '::1', 'Login', '2020-02-10 08:44:17'),
(16, 123, '::1', 'Logout', '2020-02-10 08:44:19'),
(17, 123, '::1', 'Login', '2020-02-10 08:44:21'),
(18, 123, '::1', 'Logout', '2020-02-10 08:44:48'),
(19, 123, '::1', 'Login', '2020-02-10 08:44:50'),
(20, 123, '::1', 'Logout', '2020-02-10 08:44:52'),
(21, 123, '::1', 'Login', '2020-02-10 08:44:53'),
(22, 123, '::1', 'Logout', '2020-02-11 04:53:41'),
(23, 1000001, '::1', 'Login', '2020-02-11 04:53:47'),
(24, 1000001, '::1', 'Logout', '2020-02-18 09:20:44'),
(25, 123, '::1', 'Login', '2020-02-18 09:20:51'),
(26, 123, '::1', 'Logout', '2020-02-18 11:12:14'),
(27, 123, '::1', 'Login', '2020-02-18 11:12:16'),
(28, 123, '::1', 'Logout', '2020-02-18 11:20:13'),
(29, 123, '::1', 'Login', '2020-02-18 11:20:16'),
(30, 123, '::1', 'Login', '2020-02-18 11:51:16'),
(31, 123, '::1', 'Logout', '2020-02-18 17:32:23'),
(32, 123, '::1', 'Login', '2020-02-20 09:27:12'),
(33, 123, '::1', 'Login', '2020-02-25 05:07:37'),
(34, 1000001, '::1', 'Login', '2020-03-13 01:16:14'),
(35, 1300001, '::1', 'Login', '2020-03-13 01:19:14'),
(36, 1000001, '::1', 'Login', '2020-03-13 11:51:02'),
(37, 1300001, '::1', 'Login', '2020-03-13 11:51:38'),
(38, 1300001, '::1', 'Logout', '2020-03-13 12:08:03'),
(39, 1300002, '::1', 'Login', '2020-03-13 12:08:07'),
(40, 1300002, '::1', 'Logout', '2020-03-13 12:18:12'),
(41, 1300001, '::1', 'Login', '2020-03-13 12:18:24'),
(42, 1300001, '::1', 'Logout', '2020-03-13 12:18:34'),
(43, 1300003, '::1', 'Login', '2020-03-13 12:20:00'),
(44, 1300003, '::1', 'Logout', '2020-03-13 12:33:30'),
(45, 1300004, '::1', 'Login', '2020-03-13 12:33:33'),
(46, 1300004, '::1', 'Logout', '2020-03-13 12:46:07'),
(47, 1300001, '::1', 'Login', '2020-03-13 12:46:27'),
(48, 1300001, '::1', 'Logout', '2020-03-13 13:08:55'),
(49, 1300002, '::1', 'Login', '2020-03-13 13:09:29'),
(50, 1300002, '::1', 'Logout', '2020-03-13 13:30:27'),
(51, 1300003, '::1', 'Login', '2020-03-13 13:30:38'),
(52, 1300003, '::1', 'Logout', '2020-03-13 13:39:30'),
(53, 1300004, '::1', 'Login', '2020-03-13 13:39:46'),
(54, 1000001, '::1', 'Logout', '2020-03-23 02:10:27'),
(55, 1300001, '::1', 'Logout', '2020-03-23 02:37:17'),
(56, 1300001, '::1', 'Login', '2020-03-23 03:13:15'),
(57, 1300001, '::1', 'Login', '2020-03-27 17:31:04'),
(58, 1000001, '::1', 'Login', '2020-03-28 14:01:51'),
(59, 1000001, '::1', 'Login', '2020-03-29 15:06:17'),
(60, 1300001, '::1', 'Login', '2020-03-30 06:12:50');

-- --------------------------------------------------------

--
-- Table structure for table `year_lvl`
--

CREATE TABLE `year_lvl` (
  `yr_lvl` int(11) NOT NULL,
  `yrlvl_name` varchar(55) NOT NULL
) ENGINE=InnoDB DEFAULT CHARSET=latin1;

--
-- Dumping data for table `year_lvl`
--

INSERT INTO `year_lvl` (`yr_lvl`, `yrlvl_name`) VALUES
(1, 'First Year'),
(2, 'Second Year'),
(3, 'Third Year'),
(4, 'Fourth Year');

--
-- Indexes for dumped tables
--

--
-- Indexes for table `admin`
--
ALTER TABLE `admin`
  ADD PRIMARY KEY (`user_id`);

--
-- Indexes for table `advisers`
--
ALTER TABLE `advisers`
  ADD PRIMARY KEY (`ad_id`);

--
-- Indexes for table `chair`
--
ALTER TABLE `chair`
  ADD PRIMARY KEY (`chair_id`);

--
-- Indexes for table `college`
--
ALTER TABLE `college`
  ADD PRIMARY KEY (`college_id`);

--
-- Indexes for table `course`
--
ALTER TABLE `course`
  ADD PRIMARY KEY (`course_id`);

--
-- Indexes for table `curriculum`
--
ALTER TABLE `curriculum`
  ADD PRIMARY KEY (`cu_id`);

--
-- Indexes for table `grades`
--
ALTER TABLE `grades`
  ADD PRIMARY KEY (`id`);

--
-- Indexes for table `sem`
--
ALTER TABLE `sem`
  ADD PRIMARY KEY (`id`);

--
-- Indexes for table `students`
--
ALTER TABLE `students`
  ADD PRIMARY KEY (`student_id`);

--
-- Indexes for table `subjects`
--
ALTER TABLE `subjects`
  ADD PRIMARY KEY (`sub_id`);

--
-- Indexes for table `super_admin`
--
ALTER TABLE `super_admin`
  ADD PRIMARY KEY (`user-id`);

--
-- Indexes for table `user_logs`
--
ALTER TABLE `user_logs`
  ADD PRIMARY KEY (`login_id`);

--
-- Indexes for table `year_lvl`
--
ALTER TABLE `year_lvl`
  ADD PRIMARY KEY (`yr_lvl`);

--
-- AUTO_INCREMENT for dumped tables
--

--
-- AUTO_INCREMENT for table `admin`
--
ALTER TABLE `admin`
  MODIFY `user_id` int(11) NOT NULL AUTO_INCREMENT, AUTO_INCREMENT=123457;

--
-- AUTO_INCREMENT for table `advisers`
--
ALTER TABLE `advisers`
  MODIFY `ad_id` int(11) NOT NULL AUTO_INCREMENT, AUTO_INCREMENT=1300005;

--
-- AUTO_INCREMENT for table `curriculum`
--
ALTER TABLE `curriculum`
  MODIFY `cu_id` int(11) NOT NULL AUTO_INCREMENT, AUTO_INCREMENT=4;

--
-- AUTO_INCREMENT for table `grades`
--
ALTER TABLE `grades`
  MODIFY `id` int(11) NOT NULL AUTO_INCREMENT, AUTO_INCREMENT=3862;

--
-- AUTO_INCREMENT for table `sem`
--
ALTER TABLE `sem`
  MODIFY `id` int(11) NOT NULL AUTO_INCREMENT, AUTO_INCREMENT=3;

--
-- AUTO_INCREMENT for table `subjects`
--
ALTER TABLE `subjects`
  MODIFY `sub_id` int(11) NOT NULL AUTO_INCREMENT, AUTO_INCREMENT=177;

--
-- AUTO_INCREMENT for table `user_logs`
--
ALTER TABLE `user_logs`
  MODIFY `login_id` int(11) NOT NULL AUTO_INCREMENT, AUTO_INCREMENT=61;
COMMIT;

/*!40101 SET CHARACTER_SET_CLIENT=@OLD_CHARACTER_SET_CLIENT */;
/*!40101 SET CHARACTER_SET_RESULTS=@OLD_CHARACTER_SET_RESULTS */;
/*!40101 SET COLLATION_CONNECTION=@OLD_COLLATION_CONNECTION */;
